{"framework":"solid-v1.8.0-keyed","keyed":true,"benchmark":"02_replace","type":"cpu","values":{"total":{"min":4910.521,"max":5168.635,"median":4988.633,"mean":5009.509866666666,"stddev":72.06411499081592,"values":[4959.687,4983.335,4996.498,4973.101,4999.495,5082.965,4930.621,5168.635,4910.521,4989.139,4985.318,5136.019,4988.633,5061.59,4977.091]},"script":{"min":0.396,"max":0.751,"median":0.512,"mean":0.5177333333333334,"stddev":0.09333998275633214,"values":[0.751,0.399,0.396,0.452,0.529,0.566,0.521,0.65,0.512,0.454,0.569,0.45,0.49,0.48,0.547]},"paint":{"min":3854.132,"max":4101.085,"median":3895.741,"mean":3913.154266666667,"stddev":60.58783262394079,"values":[3894.158,3883.123,3858.916,3905.428,3902.642,3965.979,3854.132,4101.085,3870.878,3907.906,3891.557,3954.436,3883.03,3928.303,3895.741]}}}