{"framework":"solid-v1.8.0-keyed","keyed":true,"benchmark":"04_select","type":"cpu","values":{"total":{"min":282.508,"max":324.877,"median":302.388,"mean":303.3053333333334,"stddev":9.56991197650717,"values":[296.042,282.508,297.265,298.122,302.388,308.604,303.001,301.818,312.072,302.728,299.53,300.858,304.736,315.031,324.877]},"script":{"min":3.049,"max":4.084,"median":3.654,"mean":3.6576000000000004,"stddev":0.24758975284588353,"values":[3.657,3.049,3.228,3.637,3.654,4.084,3.846,3.811,3.635,3.654,3.663,3.64,3.643,3.817,3.846]},"paint":{"min":113.427,"max":124.599,"median":118.719,"mean":119.09693333333333,"stddev":2.9233165477066008,"values":[116.845,113.427,116.587,117.545,118.719,117.342,120.08,117.812,122.586,120.019,118.256,118.918,124.599,123.93,119.789]}}}