{"framework":"solid-v1.8.0-keyed","keyed":true,"benchmark":"24_run-clear-memory","type":"memory","values":{"DEFAULT":{"min":0.764434814453125,"max":0.81915283203125,"median":0.7798538208007812,"mean":0.7847918192545573,"stddev":0.014125190252561157,"values":[0.7873039245605469,0.7798538208007812,0.8115997314453125,0.780303955078125,0.7790870666503906,0.7794876098632812,0.7787628173828125,0.77972412109375,0.7878646850585938,0.81915283203125,0.764434814453125,0.7878990173339844,0.7884254455566406,0.769500732421875,0.7784767150878906]}}}