{"framework":"solid-v1.8.0-keyed","keyed":true,"benchmark":"23_update5-memory","type":"memory","values":{"DEFAULT":{"min":85.80759716033936,"max":86.48487567901611,"median":85.91079139709473,"mean":86.00809930165609,"stddev":0.20629508804275,"values":[85.8660364151001,86.031325340271,86.41265869140625,85.88958644866943,85.85844707489014,86.03633213043213,85.911057472229,85.80759716033936,85.91079139709473,86.48487567901611,85.8566722869873,86.03524589538574,86.21358680725098,85.89814472198486,85.90913200378418]}}}