{"framework":"solid-v1.8.0-keyed","keyed":true,"benchmark":"06_remove-one","type":"cpu","values":{"total":{"min":2238.586,"max":2476.033,"median":2268.07,"mean":2280.327666666667,"stddev":57.53311924407002,"values":[2255.292,2476.033,2261.49,2268.695,2293.007,2273.393,2286.366,2238.586,2251.005,2274.135,2268.07,2243.133,2310.973,2253.139,2251.598]},"script":{"min":18.373,"max":22.88,"median":18.822,"mean":19.298533333333335,"stddev":1.3344167193768148,"values":[18.467,21.193,18.669,21.082,22.88,19.262,18.89,19.115,18.373,18.481,18.453,18.822,18.526,18.847,18.418]},"paint":{"min":2119.015,"max":2355.782,"median":2146.509,"mean":2161.784866666667,"stddev":56.93230459046037,"values":[2138.252,2355.782,2144.409,2146.509,2172.199,2152.347,2168.776,2119.015,2135.538,2154.542,2150.464,2125.559,2193.066,2135.271,2135.044]}}}