{"framework":"solid-v1.8.0-keyed","keyed":true,"benchmark":"01_create","type":"cpu","values":{"total":{"min":2895.778,"max":3115.588,"median":3008.376,"mean":3004.400733333334,"stddev":52.77972151643452,"values":[3026.401,2990.286,3014.548,2895.778,3031.025,3043.307,2995.143,3008.376,3021.632,2997.785,3053.47,2967.494,2986.119,3115.588,2919.059]},"script":{"min":267.185,"max":307.488,"median":285.202,"mean":286.1401333333333,"stddev":14.821816048681496,"values":[305.221,267.185,271.078,270.682,285.202,303.073,285.855,282.797,302.046,270.243,279.883,307.488,270.851,285.573,304.925]},"paint":{"min":2581.318,"max":2794.448,"median":2688.934,"mean":2684.1485333333335,"stddev":53.3398536272921,"values":[2687.115,2688.934,2709.431,2591.893,2711.629,2706.347,2675.391,2690.784,2685.785,2692.641,2739.673,2626.08,2680.759,2794.448,2581.318]}}}