{"framework":"solid-v1.8.0-keyed","keyed":true,"benchmark":"08_clear","type":"cpu","values":{"total":{"min":200.092,"max":253.272,"median":204.315,"mean":211.27519999999998,"stddev":13.368035891633445,"values":[213.817,202.29,253.272,200.092,203.957,203.38,203.527,221.477,201.673,215.434,214.789,213.646,204.315,214.068,203.391]},"script":{"min":198.597,"max":251.926,"median":202.682,"mean":209.7545333333333,"stddev":13.406652313932309,"values":[212.147,200.795,251.926,198.597,202.348,201.834,202.001,219.861,200.217,214.025,213.212,212.151,202.682,212.656,201.866]},"paint":{"min":1.13,"max":1.396,"median":1.266,"mean":1.2670000000000001,"stddev":0.08136513819988087,"values":[1.389,1.266,1.137,1.26,1.396,1.317,1.269,1.35,1.224,1.13,1.256,1.205,1.32,1.187,1.299]}}}