{"framework":"solid-v1.8.0-keyed","keyed":true,"benchmark":"01_create","type":"cpu","values":{"total":{"min":4374.596,"max":5437.52,"median":4740.408,"mean":4785.5794000000005,"stddev":250.28402984575072,"values":[4374.596,4520.761,4544.09,4693.957,4638.535,4682.749,4946.654,5437.52,4874.314,4967.504,4890.013,4949.327,4705.971,4740.408,4817.292]},"script":{"min":0.42,"max":0.754,"median":0.531,"mean":0.5604666666666667,"stddev":0.09799917395181501,"values":[0.754,0.531,0.686,0.64,0.51,0.515,0.486,0.627,0.44,0.571,0.608,0.658,0.42,0.497,0.464]},"paint":{"min":3725.609,"max":4552.378,"median":4028.752,"mean":4048.5145999999995,"stddev":205.77403879526273,"values":[3725.609,3837.085,3846.133,3850.502,3940.673,3977.246,4191.492,4552.378,4148.89,4198.229,4142.052,4210.833,3991.631,4028.752,4086.214]}}}