{"framework":"solid-v1.8.0-keyed","keyed":true,"benchmark":"06_remove-one","type":"cpu","values":{"total":{"min":2046.925,"max":2312.792,"median":2270.508,"mean":2238.1326,"stddev":72.87820014125329,"values":[2046.925,2132.965,2153.866,2237.134,2284.455,2295.327,2277.34,2230.898,2270.508,2231.144,2253.435,2280.151,2312.792,2279.672,2285.377]},"script":{"min":17.636,"max":23.157,"median":19.671,"mean":20.01353333333333,"stddev":1.631187992435779,"values":[17.905,18.488,21.778,19.671,19.681,21.524,21.908,19.5,17.636,19.917,21.656,19.536,23.157,19.201,18.645]},"paint":{"min":1931.504,"max":2191.516,"median":2155.001,"mean":2119.2636666666667,"stddev":72.51228230214984,"values":[1931.504,2014.009,2029.751,2118.296,2166.501,2175.203,2155.172,2114.127,2155.001,2115.358,2131.653,2161.368,2191.516,2162.136,2167.36]}}}