{"framework":"solid-v1.8.0-keyed","keyed":true,"benchmark":"03_update10th","type":"cpu","values":{"total":{"min":2441.51,"max":3423.232,"median":2611.335,"mean":2712.071933333333,"stddev":275.3876122990664,"values":[2441.51,2534.934,2590.737,2520.748,2611.335,2616.397,2632.813,2607.079,3196.615,2677.751,2581.85,3423.232,2596.033,3014.197,2635.848]},"script":{"min":59.985,"max":80.121,"median":66.424,"mean":67.63813333333333,"stddev":4.831482039213029,"values":[59.985,65.64,80.121,65.176,65.895,67.662,66.424,72.068,70.793,62.459,70.496,65.91,69.164,69.914,62.865]},"paint":{"min":2210.598,"max":3174.183,"median":2365.638,"mean":2463.940266666666,"stddev":272.2490131619178,"values":[2210.598,2294.158,2334.351,2279.028,2365.638,2370.411,2387.451,2350.001,2938.419,2428.335,2330.8,3174.183,2342.026,2760.571,2393.134]}}}