{"framework":"solid-v1.8.0-keyed","keyed":true,"benchmark":"02_replace","type":"cpu","values":{"total":{"min":4589.193,"max":5326.587,"median":4971.836,"mean":4921.275333333334,"stddev":185.12301142779427,"values":[4589.193,4600.036,4701.359,4812.473,5025.527,4991.661,4940.663,4971.836,5326.587,4982.188,4982.451,4929.336,5019.032,4956.458,4990.33]},"script":{"min":0.382,"max":0.776,"median":0.516,"mean":0.5251333333333333,"stddev":0.09559951185370492,"values":[0.443,0.776,0.532,0.382,0.618,0.471,0.459,0.547,0.615,0.565,0.516,0.551,0.48,0.443,0.479]},"paint":{"min":3578.675,"max":4222.321,"median":3887.036,"mean":3852.8090666666676,"stddev":156.8614107923964,"values":[3578.675,3598.532,3652.949,3809.529,3939.027,3916.427,3864.542,3897.319,4222.321,3908.539,3888.484,3840.02,3936.481,3887.036,3852.255]}}}