{"framework":"solid-v1.8.0-keyed","keyed":true,"benchmark":"01_create","type":"cpu","values":{"total":{"min":4491.801,"max":4992.005,"median":4824.818,"mean":4782.0736,"stddev":155.78337192799856,"values":[4511.376,4491.801,4604.574,4668.908,4690.229,4992.005,4929.384,4921.01,4831.564,4853.806,4808.5,4956.438,4808.012,4838.679,4824.818]},"script":{"min":0.411,"max":2.395,"median":0.489,"mean":0.6396666666666667,"stddev":0.49280591176107724,"values":[0.483,0.504,0.489,0.621,0.718,0.445,0.523,0.411,0.588,0.423,0.433,2.395,0.482,0.594,0.486]},"paint":{"min":3830.777,"max":4280.288,"median":4112.016,"mean":4062.264066666666,"stddev":136.25652573964334,"values":[3844.132,3830.777,3937.361,3863.941,3996.655,4280.288,4168.327,4176.247,4131.675,4139.253,4082.292,4165.424,4092.963,4112.61,4112.016]}}}