{"framework":"solid-v1.8.0-keyed","keyed":true,"benchmark":"07_create-after1k","type":"cpu","values":{"total":{"min":4466.654,"max":5007.443,"median":4567.1,"mean":4663.630533333334,"stddev":211.74355590223703,"values":[4547.444,4466.654,4489.364,4513.092,4567.1,4479.338,4665.522,4527.383,4573.895,4548.542,4602.269,5007.443,4989.713,4984.387,4992.312]},"script":{"min":0.466,"max":0.954,"median":0.617,"mean":0.635,"stddev":0.12543467280962287,"values":[0.665,0.765,0.617,0.768,0.55,0.466,0.544,0.954,0.595,0.549,0.473,0.654,0.605,0.681,0.639]},"paint":{"min":3839.464,"max":4280.804,"median":3911.578,"mean":4001.9249333333332,"stddev":172.08589255222302,"values":[3892.619,3839.464,3860.732,3870.156,3911.578,3859.419,4021.998,3911.221,3932.477,3904.7,3949.859,4267.547,4257.81,4268.49,4280.804]}}}