{"framework":"solid-v1.8.0-keyed","keyed":true,"benchmark":"04_select","type":"cpu","values":{"total":{"min":299.009,"max":321.044,"median":307.049,"mean":307.4411333333333,"stddev":6.641860581264283,"values":[303.859,305.827,299.009,299.677,307.049,300.573,321.044,301.041,310.614,303.021,312.266,315.031,316.7,307.355,308.551]},"script":{"min":3.635,"max":6.929,"median":3.823,"mean":4.084466666666667,"stddev":0.8411585434613948,"values":[3.823,6.929,4.309,4.698,4.043,3.663,4.052,3.635,3.647,3.655,3.644,3.819,3.847,3.656,3.847]},"paint":{"min":113.732,"max":127.8,"median":121.196,"mean":121.69506666666668,"stddev":3.7115196438476055,"values":[119.34,121.196,118.125,113.732,119.661,120.05,124.942,119.111,123.109,120.656,125.793,127.8,126.969,123.054,121.888]}}}