{"framework":"solid-v1.8.0-keyed","keyed":true,"benchmark":"08_clear","type":"cpu","values":{"total":{"min":193.534,"max":234.622,"median":212.99,"mean":211.74626666666666,"stddev":10.472487898343566,"values":[213.757,193.534,204.851,213.877,216.481,221.404,208.693,212.99,204.971,220.338,204.235,201.128,222.835,202.478,234.622]},"script":{"min":191.867,"max":232.994,"median":211.428,"mean":210.18446666666665,"stddev":10.439554423076734,"values":[211.944,191.867,203.292,212.115,214.838,219.962,207.388,211.428,203.569,218.876,202.886,199.654,221.084,200.87,232.994]},"paint":{"min":1.097,"max":1.462,"median":1.276,"mean":1.2782666666666667,"stddev":0.11147931689438226,"values":[1.462,1.358,1.276,1.451,1.326,1.165,1.097,1.275,1.165,1.194,1.146,1.215,1.351,1.35,1.343]}}}