{"framework":"solid-v1.8.0-keyed","keyed":true,"benchmark":"05_swap","type":"cpu","values":{"total":{"min":3189.048,"max":3383.265,"median":3256.959,"mean":3263.5223333333333,"stddev":54.238130902617975,"values":[3256.625,3271.639,3338.398,3313.868,3208.747,3270.581,3189.048,3212.597,3276.211,3299.595,3221.387,3256.959,3253.859,3200.056,3383.265]},"script":{"min":45.45,"max":60.792,"median":47.321,"mean":48.3128,"stddev":3.960775667178626,"values":[47.321,47.658,60.792,48.98,45.812,45.643,45.45,45.77,46.657,47.902,48.593,48.488,53.058,45.946,46.622]},"paint":{"min":2968.541,"max":3162.934,"median":3032.964,"mean":3035.7922666666664,"stddev":52.718477107132415,"values":[3032.964,3041.951,3102.155,3076.489,2979.679,3040.77,2968.541,2984.932,3046.22,3067.773,2998.197,3032.53,3026.962,2974.787,3162.934]}}}