{"framework":"solid-v1.8.0-keyed","keyed":true,"benchmark":"31_startup-ci","type":"startup","values":{"DEFAULT":{"min":1455.2130000000002,"max":2658.8615,"median":2655.8324999999995,"mean":2251.6550666666667,"stddev":536.6346876003154,"values":[2658.8615,2056.875,1455.2130000000002,1457.8509999999999,2657.999,1455.7725,2656.2015,2656.3994999999995,2656.5365,1456.0465000000002,2658.8514999999998,2655.8324999999995,2657.6195,2579.9815,2054.785]}}}