{"framework":"solid-v1.8.0-keyed","keyed":true,"benchmark":"07_create-after1k","type":"cpu","values":{"total":{"min":4875.276,"max":5451.467,"median":4947.863,"mean":5005.3279999999995,"stddev":164.8535205516876,"values":[4954.083,4982.601,4919.194,4952.082,5002.289,5303.424,5451.467,4930.666,4898.313,4917.87,5128.153,4947.863,4875.276,4921.88,4894.759]},"script":{"min":0.466,"max":0.78,"median":0.618,"mean":0.6062666666666666,"stddev":0.09589984855244012,"values":[0.501,0.618,0.635,0.466,0.543,0.696,0.584,0.513,0.512,0.635,0.78,0.523,0.64,0.717,0.731]},"paint":{"min":4192.724,"max":4594.423,"median":4229.911,"mean":4282.138733333333,"stddev":122.76094958755445,"values":[4227.207,4262.005,4211.355,4238.339,4282.557,4511.095,4594.423,4229.911,4203.243,4201.764,4408.415,4241.886,4201.03,4226.127,4192.724]}}}