{"framework":"solid-v1.8.0-keyed","keyed":true,"benchmark":"32_startup-bt","type":"startup","values":{"DEFAULT":{"min":16.255999999999997,"max":19.887999999999998,"median":18.191999999999993,"mean":18.194933333333328,"stddev":1.218358114528769,"values":[19.651999999999997,18.599999999999998,19.771999999999995,19.208,16.779999999999994,16.683999999999997,19.887999999999998,16.935999999999996,16.255999999999997,18.139999999999997,17.331999999999997,19.428,18.311999999999994,17.743999999999993,18.191999999999993]}}}