{"framework":"solid-v1.8.0-keyed","keyed":true,"benchmark":"03_update10th","type":"cpu","values":{"total":{"min":2529.584,"max":3952.342,"median":2653.683,"mean":2821.500066666667,"stddev":369.6709457736834,"values":[2691.347,3952.342,2637.785,2962.951,2584.327,2676.037,2632.531,2923.396,2605.406,2990.473,2607.556,3236.588,2638.495,2653.683,2529.584]},"script":{"min":63.252,"max":89.403,"median":66.348,"mean":68.795,"stddev":6.6497433462825155,"values":[64.646,73.769,64.597,67.121,67.024,66.348,65.28,74.381,64.837,69.436,65.244,65.179,71.408,89.403,63.252]},"paint":{"min":2285.355,"max":3693.459,"median":2394.68,"mean":2570.1569999999997,"stddev":366.5630972964564,"values":[2428.028,3693.459,2394.68,2705.173,2346.815,2431.118,2393.022,2657.674,2366.389,2741.538,2360.733,2987.377,2381.547,2379.447,2285.355]}}}