{"framework":"solid-v1.8.0-keyed","keyed":true,"benchmark":"22_run-memory","type":"memory","values":{"DEFAULT":{"min":85.34607410430908,"max":85.93626594543457,"median":85.38646411895752,"mean":85.45762710571289,"stddev":0.16497380716105867,"values":[85.34607410430908,85.93626594543457,85.41367053985596,85.36631870269775,85.35272789001465,85.3822889328003,85.5328016281128,85.36362075805664,85.3683271408081,85.36227512359619,85.38646411895752,85.71268558502197,85.53010272979736,85.3965311050415,85.41425228118896]}}}