{"framework":"solid-v1.8.0-keyed","keyed":true,"benchmark":"05_swap","type":"cpu","values":{"total":{"min":2938.157,"max":3302.481,"median":3227.452,"mean":3220.5691333333334,"stddev":89.68782414166743,"values":[2938.157,3271.689,3217.751,3280.516,3174.543,3269.92,3191.944,3226.333,3172.964,3264.561,3227.452,3302.481,3280.576,3192.381,3297.269]},"script":{"min":43.245,"max":84.677,"median":48.49,"mean":51.849799999999995,"stddev":10.06863036649687,"values":[43.245,47.87,49.632,84.677,48.49,48.037,45.4,57.728,48.688,55.74,48.535,47.684,46.632,47.093,58.296]},"paint":{"min":2712.607,"max":3078.775,"median":2991.948,"mean":2988.423533333333,"stddev":86.08880752278566,"values":[2712.607,3035.696,2990.585,3018.43,2950.427,3043.537,2972.675,2984.437,2945.396,3025.472,2991.948,3078.775,3048.904,2972.141,3055.323]}}}