{"framework":"solid-v1.8.0-keyed","keyed":true,"benchmark":"21_ready-memory","type":"memory","values":{"DEFAULT":{"min":0.5318326950073242,"max":0.5476465225219727,"median":0.5320158004760742,"mean":0.534514045715332,"stddev":0.005430029000903206,"values":[0.5318326950073242,0.5319585800170898,0.5319852828979492,0.5320158004760742,0.533015251159668,0.5359125137329102,0.5319585800170898,0.5319852828979492,0.5320158004760742,0.5476465225219727,0.531977653503418,0.5329999923706055,0.5319852828979492,0.5327749252319336,0.5476465225219727]}}}