{"framework":"solid-v1.8.0-keyed","keyed":true,"benchmark":"33_startup-mainthreadcost","type":"startup","values":{"DEFAULT":{"min":326.7839999999998,"max":348.1560000000001,"median":336.26399999999995,"mean":335.1741333333333,"stddev":5.5582146911019406,"values":[336.5600000000001,332.404,332.32000000000005,338.8920000000001,328.356,348.1560000000001,338.4959999999999,337.4160000000001,341.05599999999987,337.0520000000002,328.58799999999997,336.26399999999995,334.02799999999985,326.7839999999998,331.24]}}}