{"framework":"vue-v3.3.6-keyed","keyed":true,"benchmark":"33_startup-mainthreadcost","type":"startup","values":{"DEFAULT":{"min":347.9440000000001,"max":362.1400000000001,"median":355.86800000000005,"mean":355.3568000000001,"stddev":4.939173603520582,"values":[349.2280000000002,358.89199999999994,358.49600000000027,362.1400000000001,361.72000000000014,360.59600000000023,355.468,347.9440000000001,349.75600000000014,348.67199999999997,352.70799999999986,357.50399999999996,352.17600000000004,355.86800000000005,359.184]}}}