{"framework":"vue-v3.3.6-keyed","keyed":true,"benchmark":"08_clear","type":"cpu","values":{"total":{"min":187.138,"max":234.638,"median":203.514,"mean":207.16366666666667,"stddev":14.491667860565682,"values":[216.936,198.318,234.638,188.171,194.001,222.334,196.695,196.252,203.514,216.457,187.138,225.25,219.134,208.267,200.35]},"script":{"min":185.661,"max":230.48,"median":201.803,"mean":205.36673333333331,"stddev":14.152464820491096,"values":[214.912,196.516,230.48,186.586,192.439,220.785,195.26,194.262,201.803,214.875,185.661,223.722,217.555,206.766,198.879]},"paint":{"min":1.21,"max":3.795,"median":1.284,"mean":1.5087333333333333,"stddev":0.6513681718030865,"values":[1.628,1.46,3.795,1.289,1.292,1.247,1.21,1.718,1.48,1.267,1.265,1.252,1.284,1.221,1.223]}}}