{"framework":"vue-v3.3.6-keyed","keyed":true,"benchmark":"01_create","type":"cpu","values":{"total":{"min":5054.12,"max":5453.885,"median":5126.209,"mean":5147.775066666667,"stddev":116.59590105173797,"values":[5077.528,5126.209,5175.487,5085.058,5368.392,5453.885,5133.032,5169.457,5054.12,5055.076,5095.738,5147.568,5163.09,5054.259,5057.727]},"script":{"min":0.405,"max":0.612,"median":0.482,"mean":0.4876666666666666,"stddev":0.05346650041536913,"values":[0.612,0.405,0.476,0.409,0.446,0.523,0.476,0.51,0.438,0.547,0.476,0.485,0.482,0.507,0.523]},"paint":{"min":3853.631,"max":4232.806,"median":3930.528,"mean":3940.9393999999998,"stddev":92.03070283164038,"values":[3903.505,3930.528,3944.773,3853.631,4019.563,4232.806,3951.185,3953.736,3876.047,3888.03,3895.189,3944.516,3965.467,3873.144,3881.971]}}}