{"framework":"vue-v3.3.6-keyed","keyed":true,"benchmark":"32_startup-bt","type":"startup","values":{"DEFAULT":{"min":77.10799999999998,"max":88.096,"median":80.32,"mean":81.54266666666666,"stddev":3.424772832230044,"values":[77.49599999999998,86.792,81.492,88.096,84.85599999999998,77.10799999999998,81.74399999999999,78.05999999999999,82.548,80.32,80.32,79.55199999999999,80.30399999999999,85.69600000000001,78.756]}}}