{"framework":"vue-v3.3.6-keyed","keyed":true,"benchmark":"03_update10th","type":"cpu","values":{"total":{"min":2761.397,"max":4402.475,"median":2834.046,"mean":3117.0865333333336,"stddev":616.5442954694992,"values":[2841.619,4383.426,2834.046,2801.817,4117.44,2824.193,2761.397,4402.475,2843.027,2816.543,2884.316,2868.08,2799.6,2794.043,2784.276]},"script":{"min":186.303,"max":222.677,"median":203.02,"mean":202.17706666666663,"stddev":10.10213889987566,"values":[209.763,186.303,202.027,195.024,198.653,206.547,208.332,218.187,193.015,191.799,222.677,203.368,203.02,190.885,203.056]},"paint":{"min":2376.727,"max":4009.936,"median":2442.583,"mean":2729.8461333333335,"stddev":613.5390757199306,"values":[2442.583,4009.936,2452.454,2421.062,3729.038,2440.481,2376.727,3987.319,2464.816,2435.327,2462.734,2482.816,2415.784,2421.885,2404.73]}}}