{"framework":"vue-v3.3.6-keyed","keyed":true,"benchmark":"23_update5-memory","type":"memory","values":{"DEFAULT":{"min":102.39482021331787,"max":102.7160701751709,"median":102.57941722869873,"mean":102.5938840230306,"stddev":0.1006680452671321,"values":[102.57745456695557,102.70941162109375,102.7160701751709,102.58325576782227,102.58332061767578,102.71523094177246,102.39482021331787,102.5563554763794,102.70627689361572,102.55179691314697,102.54959201812744,102.57941722869873,102.43254089355469,102.70582866668701,102.54688835144043]}}}