{"framework":"vue-v3.3.6-keyed","keyed":true,"benchmark":"01_create","type":"cpu","values":{"total":{"min":4654.677,"max":5109.571,"median":5023.433,"mean":4962.658266666666,"stddev":148.2636156062508,"values":[4668.8,4654.677,4948.771,4805.648,4866.529,5043.495,4981.187,5073.255,5029.044,5012.856,5024.513,5091.466,5109.571,5023.433,5106.629]},"script":{"min":0.379,"max":0.599,"median":0.48,"mean":0.47586666666666666,"stddev":0.06742177124709227,"values":[0.582,0.479,0.426,0.482,0.545,0.48,0.445,0.386,0.513,0.385,0.502,0.379,0.599,0.445,0.49]},"paint":{"min":3598.923,"max":3913.093,"median":3854.597,"mean":3816.507733333333,"stddev":102.96786058174148,"values":[3598.923,3601.074,3881.604,3721.059,3743.746,3871.083,3824.988,3876.364,3862.252,3846.233,3850.603,3911.187,3890.81,3854.597,3913.093]}}}