{"framework":"vue-v3.3.6-keyed","keyed":true,"benchmark":"02_replace","type":"cpu","values":{"total":{"min":5139.561,"max":5485.89,"median":5189.206,"mean":5214.514400000001,"stddev":86.66228846323946,"values":[5142.049,5170.527,5288.994,5211.873,5288.946,5179.843,5199.406,5139.561,5485.89,5161.812,5189.206,5197.288,5179.626,5182.236,5200.459]},"script":{"min":0.357,"max":0.481,"median":0.367,"mean":0.39999999999999997,"stddev":0.04843994809481707,"values":[0.47,0.469,0.438,0.481,0.365,0.413,0.358,0.359,0.36,0.357,0.451,0.391,0.367,0.359,0.362]},"paint":{"min":3652.349,"max":3967.678,"median":3683.973,"mean":3710.604333333333,"stddev":78.6658823593872,"values":[3652.349,3670.502,3746.662,3696.545,3782.438,3678.892,3699.276,3664.554,3967.678,3664.876,3702.591,3683.441,3683.973,3697.962,3667.326]}}}