{"framework":"vue-v3.3.6-keyed","keyed":true,"benchmark":"05_swap","type":"cpu","values":{"total":{"min":3217.608,"max":4165.421,"median":3333.536,"mean":3377.3152,"stddev":223.06677588375067,"values":[4165.421,3351.279,3328.98,3272.397,3376.857,3217.608,3364.901,3289.665,3275.409,3313.495,3282.823,3333.536,3348.488,3400.163,3338.706]},"script":{"min":59.587,"max":123.321,"median":66.237,"mean":70.07973333333332,"stddev":15.240918769018144,"values":[123.321,72.693,65.967,69.248,63.843,63.382,66.747,59.587,65.015,72.415,64.029,66.237,71.542,66.666,60.504]},"paint":{"min":2967.65,"max":3721.309,"median":3083.513,"mean":3113.6804666666662,"stddev":174.78276481019302,"values":[3721.309,3093.146,3082.654,3013.494,3125.854,2967.65,3119.804,3042.631,3034.879,3062.382,3025.146,3083.513,3085.656,3154.56,3092.529]}}}