{"framework":"vue-v3.3.6-keyed","keyed":true,"benchmark":"06_remove-one","type":"cpu","values":{"total":{"min":2527.556,"max":2869.411,"median":2809.606,"mean":2748.046333333333,"stddev":115.46465728566145,"values":[2596.816,2571.022,2624.759,2527.556,2685.199,2844.193,2809.606,2869.411,2843.612,2758.59,2864.147,2814.684,2812.473,2812.37,2786.257]},"script":{"min":396.963,"max":492.193,"median":444.926,"mean":446.3883333333334,"stddev":26.87549047171489,"values":[443.498,453.972,396.963,438.406,433.336,469.706,422.183,492.193,466.908,403.765,482.257,459.389,429.394,458.929,444.926]},"paint":{"min":1991.95,"max":2286.89,"median":2257.214,"mean":2202.5245999999997,"stddev":104.98948511078895,"values":[2054.687,2014.515,2133.264,1991.95,2156.075,2273.174,2286.89,2273.103,2275.922,2251.118,2282.255,2258.178,2284.617,2257.214,2244.907]}}}