{"framework":"vue-v3.3.6-keyed","keyed":true,"benchmark":"31_startup-ci","type":"startup","values":{"DEFAULT":{"min":2128.555,"max":2817.8585,"median":2281.5555,"mean":2458.6223333333332,"stddev":280.0418166780548,"values":[2272.42,2284.757,2277.942,2281.5555,2130.8104999999996,2812.7825,2816.9065,2815.3559999999998,2128.555,2591.109,2276.1629999999996,2815.1684999999998,2277.846,2280.1050000000005,2817.8585]}}}