{"framework":"vue-v3.3.6-keyed","keyed":true,"benchmark":"08_clear","type":"cpu","values":{"total":{"min":189.873,"max":225.615,"median":207.242,"mean":209.4635333333333,"stddev":10.75060464656136,"values":[201.998,189.873,213.23,215.343,225.615,210.969,200.624,202.433,207.242,205.963,203.244,221.977,221.928,197.194,224.32]},"script":{"min":188.272,"max":223.658,"median":205.52,"mean":207.87206666666665,"stddev":10.70176105312089,"values":[200.537,188.272,211.748,213.837,223.658,209.405,198.496,201,205.52,204.486,201.868,220.337,220.367,195.865,222.685]},"paint":{"min":1.126,"max":1.768,"median":1.259,"mean":1.3171333333333335,"stddev":0.16947223399494707,"values":[1.215,1.369,1.237,1.206,1.559,1.212,1.768,1.243,1.464,1.259,1.146,1.323,1.292,1.126,1.338]}}}