{"framework":"vue-v3.3.6-keyed","keyed":true,"benchmark":"02_replace","type":"cpu","values":{"total":{"min":5146.832,"max":5279.528,"median":5209.145,"mean":5217.402400000002,"stddev":34.70773961401528,"values":[5187.472,5198.566,5227.832,5205.642,5181.685,5146.832,5271.955,5279.528,5241.92,5215.777,5205.412,5249.685,5205.54,5234.045,5209.145]},"script":{"min":0.343,"max":0.603,"median":0.421,"mean":0.431,"stddev":0.07452995562667596,"values":[0.348,0.5,0.436,0.603,0.479,0.348,0.382,0.343,0.463,0.388,0.396,0.53,0.378,0.45,0.421]},"paint":{"min":3667.502,"max":3776.244,"median":3719.61,"mean":3717.7564666666667,"stddev":24.343803326709747,"values":[3704.723,3713.95,3725.951,3726.161,3702.976,3667.502,3776.244,3702.745,3727.599,3711.763,3721.369,3728.406,3692.983,3744.365,3719.61]}}}