{"framework":"vue-v3.3.6-keyed","keyed":true,"benchmark":"24_run-clear-memory","type":"memory","values":{"DEFAULT":{"min":101.91612434387207,"max":102.07267665863037,"median":102.0069522857666,"mean":101.99613469441732,"stddev":0.061614605250624975,"values":[101.92025375366211,102.0069522857666,101.94077110290527,102.07267665863037,102.06716823577881,102.02877140045166,101.963059425354,101.9191312789917,101.91854000091553,102.06357955932617,102.06464862823486,101.9890251159668,102.04935932159424,101.91612434387207,102.02195930480957]}}}