{"framework":"vue-v3.3.6-keyed","keyed":true,"benchmark":"22_run-memory","type":"memory","values":{"DEFAULT":{"min":102.67058372497559,"max":102.98829078674316,"median":102.82970237731934,"mean":102.86080468495688,"stddev":0.10001757315835026,"values":[102.83259296417236,102.7044677734375,102.98806667327881,102.82970237731934,102.9728593826294,102.84976768493652,102.82451343536377,102.98829078674316,102.81747436523438,102.9729700088501,102.82656955718994,102.8280200958252,102.8291540145874,102.97703742980957,102.67058372497559]}}}