{"framework":"vue-v3.3.6-keyed","keyed":true,"benchmark":"34_startup-totalbytes","type":"startup","values":{"DEFAULT":{"min":311.8525390625,"max":311.8525390625,"median":311.8525390625,"mean":311.8525390625,"stddev":0,"values":[311.8525390625,311.8525390625,311.8525390625,311.8525390625,311.8525390625,311.8525390625,311.8525390625,311.8525390625,311.8525390625,311.8525390625,311.8525390625,311.8525390625,311.8525390625,311.8525390625,311.8525390625]}}}