{"framework":"vue-v3.3.6-keyed","keyed":true,"benchmark":"04_select","type":"cpu","values":{"total":{"min":332.692,"max":375.638,"median":355.095,"mean":353.61699999999996,"stddev":11.673379728498265,"values":[332.692,339.524,375.638,356.938,364.703,355.961,355.095,360.601,367.994,353.938,357.925,355.04,342.521,340.265,345.42]},"script":{"min":44.294,"max":54.328,"median":46.136,"mean":47.49413333333334,"stddev":3.4000535051812415,"values":[46.136,47.29,44.908,44.559,47.536,51.267,54.073,45.223,44.626,50.47,46.365,54.328,45.583,45.754,44.294]},"paint":{"min":112.001,"max":140.485,"median":117.059,"mean":120.96993333333333,"stddev":7.660737119202294,"values":[112.001,115.833,140.485,115.112,132.72,121.539,116.71,124.373,125.534,115.539,124.9,120.716,117.059,116.809,115.219]}}}