{"framework":"vue-v3.3.6-keyed","keyed":true,"benchmark":"04_select","type":"cpu","values":{"total":{"min":340.023,"max":368.337,"median":354.176,"mean":354.2680666666667,"stddev":8.500766960916494,"values":[357.55,343.522,358.867,360.529,366.078,354.751,340.023,353.383,350.728,354.176,346.214,344.377,368.337,351.249,364.237]},"script":{"min":42.002,"max":56.385,"median":49.493,"mean":49.34593333333333,"stddev":4.1184861897593015,"values":[45.367,50.906,46.385,54.062,50.116,49.266,49.493,50.209,51.244,44.485,46.87,47.289,56.385,42.002,56.11]},"paint":{"min":112.74,"max":131.986,"median":117.998,"mean":120.15233333333332,"stddev":5.543541733619485,"values":[127.378,115.089,124.244,116.919,128.884,121.202,112.74,119.503,117.377,116.201,117.103,116.346,131.986,117.998,119.315]}}}