{"framework":"vue-v3.3.6-keyed","keyed":true,"benchmark":"05_swap","type":"cpu","values":{"total":{"min":2998.217,"max":3900.737,"median":3264.148,"mean":3285.131333333333,"stddev":187.56706514572582,"values":[3900.737,3338.314,3245.176,3277.588,3313.384,3269.648,3288.359,2998.217,3185.334,3191.827,3242.926,3264.148,3259.334,3220.693,3281.285]},"script":{"min":60.423,"max":83.755,"median":66.742,"mean":67.71126666666667,"stddev":5.532254842114128,"values":[83.755,66.742,67.364,68.618,71.157,64.614,71.121,60.423,64.124,69.19,71.725,64.62,63.477,63.369,65.37]},"paint":{"min":2768.526,"max":3567.606,"median":3023.199,"mean":3032.1624,"stddev":165.76781548806676,"values":[3567.606,3090.32,2993.694,3028.967,3051.773,3023.408,3030.656,2768.526,2934.131,2936.178,2990.567,3023.199,3021.488,2983.401,3038.522]}}}