{"framework":"vue-v3.3.6-keyed","keyed":true,"benchmark":"06_remove-one","type":"cpu","values":{"total":{"min":2783.563,"max":2891.998,"median":2813.48,"mean":2825.409333333334,"stddev":36.41042824848524,"values":[2884.586,2891.998,2807.889,2856.064,2810.234,2783.563,2834.075,2784,2798.473,2793.951,2834.337,2834.368,2784.733,2813.48,2869.389]},"script":{"min":388.735,"max":498.347,"median":463.136,"mean":455.1881333333333,"stddev":35.21107220517567,"values":[484.692,466.533,453.53,498.347,463.136,444.834,487.282,405.946,388.735,419.615,482.768,492.517,410.862,443.377,485.648]},"paint":{"min":2240.745,"max":2323.933,"median":2271.64,"mean":2271.5361333333335,"stddev":25.245248143721934,"values":[2301.323,2323.933,2251.619,2260.673,2250.46,2240.745,2249.143,2280.838,2309.989,2272.786,2252.947,2244.495,2276.22,2271.64,2286.231]}}}