{"framework":"vue-v3.3.6-keyed","keyed":true,"benchmark":"07_create-after1k","type":"cpu","values":{"total":{"min":5237.654,"max":5410.765,"median":5268.906,"mean":5283.093133333333,"stddev":48.2611250858534,"values":[5270.906,5259.868,5237.654,5372.023,5291.282,5264.512,5410.765,5257.838,5303.933,5281.901,5244.943,5247.873,5268.906,5247.691,5286.302]},"script":{"min":0.439,"max":0.598,"median":0.492,"mean":0.5032,"stddev":0.0470246136157894,"values":[0.489,0.492,0.503,0.462,0.468,0.439,0.445,0.598,0.549,0.559,0.503,0.486,0.51,0.572,0.473]},"paint":{"min":4020.34,"max":4149.635,"median":4051.907,"mean":4062.205999999999,"stddev":33.174193668745474,"values":[4047.32,4041.316,4020.34,4102.608,4049.916,4033.182,4149.635,4041.505,4088.467,4051.907,4055.526,4086.02,4073.903,4035.455,4055.99]}}}