{"framework":"vue-v3.3.6-keyed","keyed":true,"benchmark":"21_ready-memory","type":"memory","values":{"DEFAULT":{"min":0.7846250534057617,"max":0.8173093795776367,"median":0.7857465744018555,"mean":0.7880727767944335,"stddev":0.008121010421165066,"values":[0.7857465744018555,0.7856054306030273,0.8173093795776367,0.786219596862793,0.7861509323120117,0.785670280456543,0.785670280456543,0.785670280456543,0.7879629135131836,0.7857465744018555,0.785670280456543,0.7857275009155273,0.7846250534057617,0.7866048812866211,0.7867116928100586]}}}