{"framework":"vue-v3.3.6-keyed","keyed":true,"benchmark":"07_create-after1k","type":"cpu","values":{"total":{"min":4784.446,"max":5572.749,"median":4901.809,"mean":5038.157933333334,"stddev":254.2155700602672,"values":[4810.41,4784.446,4844.097,4850.966,4801.002,4834.224,5193.31,4875.79,4901.809,4947.22,5268.883,5328.253,5572.749,5301.053,5258.157]},"script":{"min":0.452,"max":0.872,"median":0.567,"mean":0.6081333333333333,"stddev":0.12740703426794134,"values":[0.532,0.597,0.52,0.649,0.497,0.567,0.872,0.497,0.55,0.693,0.486,0.791,0.632,0.452,0.787]},"paint":{"min":3689.377,"max":4220.358,"median":3791.288,"mean":3881.395666666666,"stddev":180.9497371824037,"values":[3711.586,3689.377,3775.733,3795.36,3695.067,3710.479,4002.82,3776.709,3769.85,3791.288,4049.032,4136.892,4220.358,4050.681,4045.703]}}}