{"framework":"vue-v3.3.6-keyed","keyed":true,"benchmark":"03_update10th","type":"cpu","values":{"total":{"min":2726.808,"max":4046.77,"median":2808.54,"mean":2977.3152,"stddev":425.05826132966763,"values":[4046.77,2826.164,2729.942,2726.808,2749.457,2828.838,2797.417,3324.313,2750.325,2813.742,2779.497,2808.54,3872.76,2761.381,2843.774]},"script":{"min":186.834,"max":218.694,"median":207.805,"mean":206.1807333333333,"stddev":8.943154704390764,"values":[218.694,196.733,202.285,186.834,193.557,202.227,209.915,215.637,212.505,207.805,203.175,210.998,209.15,205.956,217.24]},"paint":{"min":2351.86,"max":3633.34,"median":2411.049,"mean":2588.1003333333338,"stddev":416.10089496705126,"values":[3633.34,2444.877,2351.86,2365.878,2374.615,2440.302,2403.941,2925.818,2361.805,2426.398,2400.849,2411.049,3470.333,2379.262,2431.178]}}}