{"framework":"vue-v3.3.6-keyed","keyed":true,"benchmark":"01_create","type":"cpu","values":{"total":{"min":3422.99,"max":3751.541,"median":3469.181,"mean":3500.234133333333,"stddev":83.1792446929836,"values":[3466.954,3482.452,3438.463,3451.129,3439.137,3552.649,3575.678,3751.541,3469.181,3523.182,3473.848,3465.881,3447.775,3542.652,3422.99]},"script":{"min":752.184,"max":842.29,"median":773.993,"mean":775.9303333333332,"stddev":22.62632523558933,"values":[756.78,773.993,771.73,784.356,766.767,789.83,756.955,791.432,774.9,782.052,782.517,752.54,760.629,842.29,752.184]},"paint":{"min":2633.994,"max":2921.056,"median":2667.936,"mean":2690.9116,"stddev":75.47518159614741,"values":[2676.902,2675.387,2633.994,2634.392,2640.369,2729.765,2785.858,2921.056,2661.782,2704.962,2659.05,2679.766,2654.219,2667.936,2638.236]}}}