{"framework":"solid-v1.8.0-keyed","keyed":true,"benchmark":"04_select","type":"cpu","values":{"total":{"min":100.075,"max":197.994,"median":116.042,"mean":123.35726666666666,"stddev":27.58511520850813,"values":[121.142,174.499,103.516,112.667,101.981,121.083,113.392,197.994,100.075,123.245,124.868,106.162,116.042,102.452,131.241]},"script":{"min":1.835,"max":5.454,"median":2.04,"mean":2.5475333333333334,"stddev":0.9974136458623277,"values":[3.301,3.723,2.046,1.982,1.835,2.241,2.032,5.454,2.196,1.997,2.015,2.026,3.305,2.04,2.02]},"paint":{"min":38.073,"max":68.579,"median":42.991,"mean":46.76686666666667,"stddev":8.717858295858372,"values":[57.479,56.769,39.81,46.158,39.781,52.752,46.732,68.579,38.732,48.829,42.573,41.347,40.898,38.073,42.991]}}}