{"framework":"solid-v1.8.0-keyed","keyed":true,"benchmark":"31_startup-ci","type":"startup","values":{"DEFAULT":{"min":1456.1399999999999,"max":2659.3799999999997,"median":2058.525,"mean":1975.2261666666668,"stddev":492.5314379025417,"values":[1472.8540000000003,1462.7689999999998,2066.0119999999997,1456.8285,1458.4354999999998,1456.1399999999999,2063.7,2659.3799999999997,2584.2315,2058.525,1456.8875,2058.1949999999997,2657.6630000000005,2657.6415,2059.13]}}}