{"framework":"solid-v1.8.0-keyed","keyed":true,"benchmark":"02_replace","type":"cpu","values":{"total":{"min":1667.104,"max":1780.125,"median":1700.859,"mean":1711.7492666666667,"stddev":32.62097257126523,"values":[1703.962,1757.24,1700.859,1667.104,1688.822,1739.685,1710.12,1717.193,1696.629,1757.603,1694.155,1700.419,1682.163,1780.125,1680.16]},"script":{"min":0.338,"max":0.582,"median":0.45,"mean":0.46199999999999997,"stddev":0.07373601562330309,"values":[0.404,0.388,0.477,0.565,0.417,0.482,0.338,0.448,0.505,0.579,0.393,0.582,0.492,0.41,0.45]},"paint":{"min":1304.458,"max":1365.403,"median":1318.593,"mean":1325.7768666666666,"stddev":15.812776917356892,"values":[1316.069,1343.059,1327.947,1304.458,1310.929,1334.554,1325.117,1339.956,1316.013,1337.122,1315.176,1318.593,1317.721,1365.403,1314.536]}}}