{"framework":"solid-v1.8.0-keyed","keyed":true,"benchmark":"06_remove-one","type":"cpu","values":{"total":{"min":665.522,"max":788.872,"median":692.845,"mean":704.1503333333334,"stddev":38.82604187483789,"values":[668.043,685.751,699.314,665.522,756.321,690.96,665.744,686.1,788.872,700.866,682.634,692.845,693.338,708.771,777.174]},"script":{"min":5.682,"max":8.077,"median":6.345,"mean":6.609666666666667,"stddev":0.7780583586877078,"values":[6.252,5.734,7.281,6.326,6.916,6.487,6.345,7.98,5.701,6.858,5.682,6.302,8.077,5.896,7.308]},"paint":{"min":625.885,"max":748.138,"median":653.283,"mean":663.1604666666667,"stddev":37.83621169663238,"values":[628.353,646.166,653.283,625.885,712.159,653.337,626.151,644.928,748.138,661.176,643.143,654.012,648.173,669.477,733.026]}}}