{"framework":"solid-v1.8.0-keyed","keyed":true,"benchmark":"07_create-after1k","type":"cpu","values":{"total":{"min":1289.105,"max":1660.811,"median":1352.855,"mean":1385.8848000000003,"stddev":101.0811409746786,"values":[1352.855,1400.728,1372.272,1479.576,1660.811,1503.859,1420.746,1419.279,1318.11,1296.025,1335.776,1330.161,1300.39,1289.105,1308.579]},"script":{"min":170.047,"max":237.045,"median":197.359,"mean":198.0696,"stddev":19.96165801086816,"values":[192.312,170.047,177.677,224.456,216.483,237.045,221.47,202.917,174.062,177.103,202.081,189.496,187.793,200.743,197.359]},"paint":{"min":1076.486,"max":1426.808,"median":1147.7,"mean":1174.4749333333334,"stddev":88.58878745196552,"values":[1147.7,1218.231,1182.387,1237.848,1426.808,1254.534,1186.581,1199.716,1132.569,1106.347,1120.972,1128.395,1099.965,1076.486,1098.585]}}}