{"framework":"solid-v1.8.0-keyed","keyed":true,"benchmark":"01_create","type":"cpu","values":{"total":{"min":1123.216,"max":1886.25,"median":1491.294,"mean":1409.5788,"stddev":236.26713643434567,"values":[1234.029,1242.276,1201.001,1181.904,1123.216,1491.294,1145.747,1545.645,1700.705,1517.046,1666.464,1512.899,1201.498,1886.25,1493.708]},"script":{"min":153.189,"max":301.159,"median":190.572,"mean":195.83693333333332,"stddev":41.15057089773511,"values":[196.763,164.432,190.572,167.219,153.189,241.475,155.355,229.496,301.159,235.863,176.691,191.308,156.895,172.822,204.315]},"paint":{"min":958.699,"max":1688.196,"median":1237.467,"mean":1200.1401333333333,"stddev":215.12013832868456,"values":[1026.176,1058.616,999.461,1003.064,958.699,1237.467,979.422,1305.217,1386.962,1265.458,1476.607,1306.593,1032.953,1688.196,1277.211]}}}