{"framework":"solid-v1.8.0-keyed","keyed":true,"benchmark":"05_swap","type":"cpu","values":{"total":{"min":1077.13,"max":1211.762,"median":1090.065,"mean":1106.1329333333333,"stddev":40.02174190623794,"values":[1077.13,1107.879,1081.221,1093.466,1118.959,1088.272,1089.013,1090.065,1095.534,1077.237,1086.594,1188.73,1100.614,1085.518,1211.762]},"script":{"min":19.405,"max":23.178,"median":20.508,"mean":20.828266666666664,"stddev":0.9617938200991688,"values":[20.9,20.436,20.508,20.48,20.694,19.405,20.633,20.257,21.969,22.345,20.284,23.178,20.827,20.053,20.455]},"paint":{"min":992.537,"max":1104.452,"median":1010.057,"mean":1018.5890666666666,"stddev":28.37578629109852,"values":[995.761,1019.464,999.518,1010.332,1031.942,1009.689,1007.096,1010.057,1011.825,992.537,1006.478,1104.452,1019.053,1004.455,1056.177]}}}