{"framework":"solid-v1.8.0-keyed","keyed":true,"benchmark":"03_update10th","type":"cpu","values":{"total":{"min":788.07,"max":2104.205,"median":836.651,"mean":1170.9198,"stddev":466.63294739551833,"values":[1545.854,1388.331,1629.234,2104.205,1592.776,1884.693,834.663,788.07,836.651,805.574,803.262,823.963,912.682,804.601,809.238]},"script":{"min":24.125,"max":55.218,"median":35.17,"mean":36.239866666666664,"stddev":10.972039352480511,"values":[48.141,55.218,46.907,52.096,35.64,47.566,28.409,29.427,25.316,26.599,24.142,37.232,27.61,24.125,35.17]},"paint":{"min":694.869,"max":1890.865,"median":751.457,"mean":1046.598,"stddev":422.3999919106804,"values":[1382.573,1246.253,1458.864,1890.865,1416.939,1703.32,744.291,694.869,751.457,715.178,719.693,725.806,820.637,714.724,713.501]}}}