{"framework":"solid-v1.8.0-keyed","keyed":true,"benchmark":"08_clear","type":"cpu","values":{"total":{"min":73.632,"max":82.004,"median":77.923,"mean":77.79833333333333,"stddev":2.294304272592913,"values":[73.632,77.923,76.001,75.586,77.366,79.272,82.004,80.186,78.313,80.874,74.717,77.343,78.894,78.313,76.551]},"script":{"min":71.907,"max":80.386,"median":76.253,"mean":76.20453333333334,"stddev":2.295177331047075,"values":[71.907,76.253,74.492,73.929,75.892,77.761,80.386,78.57,76.575,79.229,73.165,75.577,77.37,76.753,75.209]},"paint":{"min":1.104,"max":1.485,"median":1.292,"mean":1.2792666666666668,"stddev":0.10825727733154063,"values":[1.447,1.307,1.204,1.324,1.14,1.239,1.292,1.312,1.383,1.336,1.173,1.485,1.233,1.21,1.104]}}}