{"framework":"solid-v1.8.0-keyed","keyed":true,"benchmark":"33_startup-mainthreadcost","type":"startup","values":{"DEFAULT":{"min":327.38399999999984,"max":341.01600000000013,"median":332.0559999999999,"mean":333.84773333333334,"stddev":4.455936769663438,"values":[341.01600000000013,332.0559999999999,340.66400000000004,337.86,335.1240000000001,329.52399999999983,339.4160000000002,331.36400000000015,329.98400000000026,327.38399999999984,329.668,331.4959999999997,332.71200000000016,331.5,337.94800000000004]}}}