{"framework":"solid-v1.8.0-keyed","keyed":true,"benchmark":"05_swap","type":"cpu","values":{"total":{"min":980.605,"max":1379.994,"median":1054.873,"mean":1106.7157999999997,"stddev":127.29382927317636,"values":[1093.114,1043.855,1016.299,1090.725,1006.734,1027.735,1041.862,1060.016,1317.508,1054.873,1213.606,980.605,1279.575,994.236,1379.994]},"script":{"min":20.02,"max":44.129,"median":21.911,"mean":24.54026666666667,"stddev":7.2338153681824355,"values":[22.464,21.871,21.304,22.69,21.087,21.515,21.911,22.962,23.168,20.069,24.153,20.831,44.129,20.02,39.93]},"paint":{"min":900.701,"max":1278.003,"median":960.547,"mean":1014.1793333333334,"stddev":115.49359181398434,"values":[1009.662,960.547,935.509,1004.854,926.476,947.439,960.26,956.296,1217.985,975.488,1068.827,900.701,1157.329,913.314,1278.003]}}}