{"framework":"solid-v1.8.0-keyed","keyed":true,"benchmark":"01_create","type":"cpu","values":{"total":{"min":1487.855,"max":1818.209,"median":1531.337,"mean":1551.1177999999998,"stddev":88.04464197391167,"values":[1504.05,1555.153,1491.826,1487.855,1516.654,1505.629,1536.108,1687.338,1531.337,1542.638,1492.863,1818.209,1538.317,1514.625,1544.165]},"script":{"min":0.46,"max":0.732,"median":0.569,"mean":0.5674,"stddev":0.08244981157389887,"values":[0.499,0.574,0.46,0.5,0.578,0.617,0.552,0.569,0.634,0.543,0.485,0.732,0.572,0.474,0.722]},"paint":{"min":1240.423,"max":1493.761,"median":1272.301,"mean":1292.0221333333332,"stddev":69.37722547768072,"values":[1255.798,1272.301,1240.423,1247.334,1263.417,1260.028,1272.996,1415.088,1279.998,1284.763,1251.743,1493.761,1288.932,1258.322,1295.428]}}}