{"framework":"solid-v1.8.0-keyed","keyed":true,"benchmark":"01_create","type":"cpu","values":{"total":{"min":1520.602,"max":1761.564,"median":1585.004,"mean":1605.7512666666664,"stddev":74.57567733945226,"values":[1603.54,1540.221,1547.362,1546.301,1547.988,1520.602,1555.552,1527.949,1585.004,1640.742,1682.232,1689.087,1761.564,1650.15,1687.975]},"script":{"min":0.418,"max":0.735,"median":0.541,"mean":0.5430666666666667,"stddev":0.0814611797700218,"values":[0.548,0.735,0.596,0.62,0.537,0.575,0.446,0.552,0.515,0.541,0.437,0.479,0.613,0.534,0.418]},"paint":{"min":1272.284,"max":1511.537,"median":1296.87,"mean":1344.8880666666666,"stddev":76.0399253489025,"values":[1358.196,1289.544,1274.95,1272.284,1275.276,1293.808,1273.315,1283.396,1296.87,1400.858,1392.392,1413.752,1511.537,1410.837,1426.306]}}}