{"framework":"solid-v1.8.0-keyed","keyed":true,"benchmark":"24_run-clear-memory","type":"memory","values":{"DEFAULT":{"min":0.770751953125,"max":0.8390073776245117,"median":0.8006010055541992,"mean":0.8033363342285156,"stddev":0.02070950538112614,"values":[0.8390073776245117,0.7723979949951172,0.7782993316650391,0.798518180847168,0.7985143661499023,0.8067846298217773,0.8355131149291992,0.8334646224975586,0.8006010055541992,0.8039464950561523,0.800379753112793,0.8036680221557617,0.8098821640014648,0.770751953125,0.7983160018920898]}}}