{"framework":"solid-v1.8.0-keyed","keyed":true,"benchmark":"02_replace","type":"cpu","values":{"total":{"min":1324.371,"max":2663.507,"median":1483.892,"mean":1560.6865333333335,"stddev":317.75123870003955,"values":[2663.507,1324.371,1394.067,1753.272,1483.892,1498.188,1479.881,1516.535,1489.975,1456.259,1457.534,1484.892,1494.212,1462.315,1451.398]},"script":{"min":279.6,"max":537.824,"median":324.966,"mean":331.86279999999994,"stddev":59.04464291679159,"values":[537.824,279.6,303.136,329.351,315.781,324.966,325.911,326.588,331.208,313.422,315.241,335.623,335.594,299.747,303.95]},"paint":{"min":1033.909,"max":2105.715,"median":1145.684,"mean":1215.3739333333335,"stddev":258.96161000135766,"values":[2105.715,1033.909,1079.688,1411.931,1156.835,1157.778,1137.992,1178.717,1147.58,1128.358,1127.409,1134.456,1145.684,1149.414,1135.143]}}}