{"framework":"solid-v1.8.0-keyed","keyed":true,"benchmark":"05_swap","type":"cpu","values":{"total":{"min":949.537,"max":1178.767,"median":1076.372,"mean":1066.0207333333333,"stddev":52.921919720696174,"values":[949.537,1013.377,1009.735,1178.767,1041.827,1058.199,1076.372,1097.452,1107.978,1079.235,1074.297,1090.926,1089.701,1029.652,1093.256]},"script":{"min":18.856,"max":31.409,"median":20.647,"mean":21.616466666666664,"stddev":3.2947072245099553,"values":[31.409,19.131,19.127,22.875,23.437,18.856,25.852,20.746,20.264,20.01,19.634,20.673,21.486,20.1,20.647]},"paint":{"min":852.337,"max":1099.733,"median":994.559,"mean":982.7740666666667,"stddev":54.45976319588968,"values":[852.337,935.92,934.849,1099.733,959.62,978.509,989.427,1015.01,1015.942,998.784,994.559,1008.72,1007.414,945.273,1005.514]}}}