{"framework":"solid-v1.8.0-keyed","keyed":true,"benchmark":"32_startup-bt","type":"startup","values":{"DEFAULT":{"min":16.295999999999996,"max":72.94,"median":17.315999999999995,"mean":21.09839999999999,"stddev":14.359833329713227,"values":[16.295999999999996,18.359999999999996,72.94,17.531999999999996,16.587999999999997,16.875999999999994,17.043999999999997,16.415999999999997,18.735999999999997,17.131999999999998,17.243999999999996,17.315999999999995,18.023999999999997,17.672,18.299999999999997]}}}