{"framework":"solid-v1.8.0-keyed","keyed":true,"benchmark":"08_clear","type":"cpu","values":{"total":{"min":66.679,"max":78.345,"median":71.953,"mean":72.00959999999999,"stddev":3.6384294256882717,"values":[68.624,75.012,67.55,73.017,74.895,66.679,74.5,70.021,67.074,70.97,71.953,76.027,75.41,78.345,70.067]},"script":{"min":65.131,"max":76.959,"median":70.219,"mean":70.44273333333334,"stddev":3.6617691950879743,"values":[67.254,73.266,66.071,71.392,73.37,65.131,72.863,68.408,65.275,69.459,70.219,74.618,73.832,76.959,68.524]},"paint":{"min":1.071,"max":1.52,"median":1.275,"mean":1.2921333333333334,"stddev":0.13112908943189572,"values":[1.13,1.427,1.239,1.367,1.217,1.332,1.275,1.364,1.506,1.235,1.52,1.134,1.275,1.071,1.29]}}}