{"framework":"solid-v1.8.0-keyed","keyed":true,"benchmark":"06_remove-one","type":"cpu","values":{"total":{"min":683.617,"max":801.179,"median":705.118,"mean":716.8424000000001,"stddev":32.19259840575604,"values":[693.997,774.325,801.179,709.874,708.783,729.282,696.887,702.428,704.898,689.625,704.104,705.118,712.035,683.617,736.484]},"script":{"min":6.129,"max":10.156,"median":7.295,"mean":7.519333333333335,"stddev":0.8740146833244089,"values":[6.955,8.37,7.982,7.361,7.295,6.129,7.097,7.286,7.514,7.27,10.156,7.345,7.274,7.216,7.54]},"paint":{"min":644.332,"max":753.172,"median":664.69,"mean":674.6548666666669,"stddev":31.609923683341385,"values":[648.621,733.054,753.172,670.159,666.977,691.128,654.075,659.764,663.794,644.836,657.842,664.69,672.117,644.332,695.262]}}}