{"framework":"solid-v1.8.0-keyed","keyed":true,"benchmark":"21_ready-memory","type":"memory","values":{"DEFAULT":{"min":0.504826545715332,"max":0.5786561965942383,"median":0.5325078964233398,"mean":0.5353375116984049,"stddev":0.01801923862434969,"values":[0.532649040222168,0.5320425033569336,0.5786561965942383,0.5325078964233398,0.5061712265014648,0.5318326950073242,0.5320043563842773,0.5462198257446289,0.5319852828979492,0.533473014831543,0.5319852828979492,0.504826545715332,0.5607481002807617,0.5330724716186523,0.5418882369995117]}}}