{"framework":"solid-v1.8.0-keyed","keyed":true,"benchmark":"07_create-after1k","type":"cpu","values":{"total":{"min":1582.164,"max":1723.139,"median":1627.157,"mean":1630.7294,"stddev":36.92463753724795,"values":[1600.703,1582.164,1629.648,1627.157,1670.202,1589.861,1638.568,1630.02,1589.566,1671.25,1625.098,1647.627,1619.527,1616.411,1723.139]},"script":{"min":0.486,"max":0.85,"median":0.571,"mean":0.5922666666666667,"stddev":0.09817511080183397,"values":[0.607,0.51,0.486,0.544,0.619,0.598,0.85,0.718,0.571,0.551,0.56,0.578,0.694,0.509,0.489]},"paint":{"min":1317.921,"max":1415.22,"median":1325.456,"mean":1343.1715333333334,"stddev":30.34782203733118,"values":[1325.456,1317.921,1321.694,1319.501,1371.281,1318.602,1318.19,1325.324,1318.234,1381.463,1341.278,1378.16,1351.978,1343.271,1415.22]}}}