{"framework":"solid-v1.8.0-keyed","keyed":true,"benchmark":"03_update10th","type":"cpu","values":{"total":{"min":844.407,"max":1298.355,"median":862.663,"mean":920.8451333333331,"stddev":127.56434908192507,"values":[844.407,869.648,1298.355,1052.105,862.663,871.363,948.543,845.957,863.35,848.364,1073.578,858.568,860.734,856.249,858.793]},"script":{"min":24.77,"max":44.241,"median":30.492,"mean":31.549599999999995,"stddev":5.561750646796642,"values":[26.384,29.191,37.146,44.241,37.133,34.46,36.006,24.77,27.057,26.428,33.897,32.641,27.612,30.492,25.786]},"paint":{"min":759.181,"max":1189.683,"median":767.428,"mean":823.2143333333333,"stddev":120.3204258515371,"values":[759.489,776.336,1189.683,913.761,763.602,771.361,842.447,759.181,775.909,763.588,976.262,765.916,759.293,763.959,767.428]}}}