{"framework":"solid-v1.8.0-keyed","keyed":true,"benchmark":"23_update5-memory","type":"memory","values":{"DEFAULT":{"min":29.0816011428833,"max":29.11467456817627,"median":29.084667205810547,"mean":29.086585172017415,"stddev":0.007944242900074427,"values":[29.0816011428833,29.084444046020508,29.08350944519043,29.08172607421875,29.087446212768555,29.08646869659424,29.086002349853516,29.084667205810547,29.08648681640625,29.08528995513916,29.08425807952881,29.11467456817627,29.083577156066895,29.08494281768799,29.083683013916016]}}}