{"framework":"solid-v1.8.0-keyed","keyed":true,"benchmark":"04_select","type":"cpu","values":{"total":{"min":105.73,"max":116.992,"median":108.021,"mean":109.26513333333332,"stddev":3.561224265146279,"values":[108.021,113.829,106.102,110.486,113.056,107.545,116.992,106.747,105.772,105.915,105.73,109.082,105.999,111.455,112.246]},"script":{"min":1.651,"max":3.838,"median":1.82,"mean":2.01,"stddev":0.5303088049159929,"values":[1.82,2.239,2.217,1.814,1.792,1.651,1.859,1.802,2.022,3.838,1.82,1.814,1.848,1.808,1.806]},"paint":{"min":43.308,"max":52.234,"median":44.322,"mean":45.2492,"stddev":2.5772776944453843,"values":[44.712,52.234,44.595,43.537,43.308,45.893,43.934,44.322,44.379,43.765,43.746,45.874,43.952,50.288,44.199]}}}