{"framework":"solid-v1.8.0-keyed","keyed":true,"benchmark":"02_replace","type":"cpu","values":{"total":{"min":1562.717,"max":1895.044,"median":1585.774,"mean":1608.740733333333,"stddev":83.07598559878498,"values":[1589.759,1601.957,1601.205,1575.197,1571.048,1568.633,1566.968,1562.717,1655.911,1585.774,1596.081,1565.568,1621.588,1573.661,1895.044]},"script":{"min":0.399,"max":0.605,"median":0.507,"mean":0.5077333333333331,"stddev":0.06213633244345701,"values":[0.534,0.565,0.553,0.605,0.603,0.448,0.509,0.399,0.494,0.469,0.469,0.459,0.507,0.436,0.566]},"paint":{"min":1197.037,"max":1540.648,"median":1216.361,"mean":1242.3257333333333,"stddev":84.76800720324572,"values":[1208.629,1242.761,1223.142,1216.016,1213.318,1197.037,1206.976,1212.896,1280.983,1225.14,1217.326,1214.703,1216.361,1218.95,1540.648]}}}