{"framework":"solid-v1.8.0-keyed","keyed":true,"benchmark":"03_update10th","type":"cpu","values":{"total":{"min":740.334,"max":1496.889,"median":881.314,"mean":896.4984000000001,"stddev":178.04296485591814,"values":[762.321,750.464,740.334,813.177,887.403,828.614,882.867,1496.889,923.166,924.809,950.502,873.38,846.817,881.314,885.419]},"script":{"min":24.15,"max":50.866,"median":28.314,"mean":31.211466666666663,"stddev":6.8037108663126595,"values":[27.183,25.583,28.314,31.796,34.676,29.894,26.978,26.554,38.253,50.866,35.985,27.75,24.15,27.351,32.839]},"paint":{"min":654.521,"max":1364.051,"median":779.807,"mean":796.7446666666667,"stddev":166.50295952610685,"values":[677.306,666.725,654.521,721.921,779.807,741.067,785.729,1364.051,813.177,786.728,853.423,767.459,762.283,785.381,791.592]}}}