{"framework":"solid-v1.8.0-keyed","keyed":true,"benchmark":"06_remove-one","type":"cpu","values":{"total":{"min":725.942,"max":802.34,"median":740.564,"mean":744.0500666666667,"stddev":17.883769826564087,"values":[742.459,725.942,734.174,746.297,738.781,742.623,739.45,740.564,802.34,742.293,741.243,734.961,731.241,760.88,737.503]},"script":{"min":6.113,"max":7.742,"median":7.089,"mean":7.087866666666668,"stddev":0.43346508619770163,"values":[6.302,7.467,6.907,7.742,7.089,7.066,7.139,7.038,7.403,7.283,6.922,7.088,7.137,7.622,6.113]},"paint":{"min":685.251,"max":762.508,"median":700.391,"mean":703.5247999999999,"stddev":17.95503163540994,"values":[702.323,685.251,694.326,702.381,698.068,702.087,697.237,700.391,762.508,702.004,701.378,694.516,691.849,720.26,698.293]}}}