{"framework":"solid-v1.8.0-keyed","keyed":true,"benchmark":"22_run-memory","type":"memory","values":{"DEFAULT":{"min":29.01966953277588,"max":29.061257362365723,"median":29.025994300842285,"mean":29.02998243967692,"stddev":0.012095266157567681,"values":[29.02561855316162,29.02530002593994,29.025994300842285,29.025303840637207,29.01966953277588,29.026986122131348,29.05673313140869,29.02810764312744,29.061257362365723,29.03083896636963,29.026041984558105,29.02405071258545,29.022671699523926,29.02814769744873,29.023015022277832]}}}