{"framework":"solid-v1.8.0-keyed","keyed":true,"benchmark":"07_create-after1k","type":"cpu","values":{"total":{"min":1735.221,"max":1818.007,"median":1783.553,"mean":1785.2764666666667,"stddev":21.312579742177313,"values":[1785.399,1775.955,1783.553,1788.105,1816.661,1774.969,1735.221,1818.007,1775.661,1771.395,1788.697,1813.77,1771.949,1778.412,1801.393]},"script":{"min":0.45,"max":0.805,"median":0.557,"mean":0.5754666666666668,"stddev":0.09169660117292608,"values":[0.53,0.496,0.805,0.539,0.557,0.637,0.45,0.687,0.465,0.625,0.626,0.59,0.533,0.578,0.514]},"paint":{"min":1465.087,"max":1526.321,"median":1491.606,"mean":1490.2290666666665,"stddev":20.131603049741994,"values":[1467.868,1498.073,1495.931,1487.203,1499.437,1465.087,1466.927,1522.352,1504.604,1491.606,1468.971,1526.321,1475.818,1474.236,1509.002]}}}