{"framework":"solid-v1.8.0-keyed","keyed":true,"benchmark":"04_select","type":"cpu","values":{"total":{"min":99.35,"max":119.428,"median":109.429,"mean":109.24593333333333,"stddev":5.553930814768772,"values":[105.916,111.062,109.59,106.686,99.35,115.76,110.627,119.428,103.99,118.226,112.421,105.945,109.429,106.045,104.214]},"script":{"min":1.46,"max":6.963,"median":1.826,"mean":2.272066666666667,"stddev":1.36713226795919,"values":[1.46,1.634,1.988,1.606,1.641,2.684,1.852,6.963,1.648,1.819,1.84,2.231,1.826,3.071,1.818]},"paint":{"min":40.868,"max":53.98,"median":44.156,"mean":46.15726666666668,"stddev":4.3232889838750355,"values":[43.418,44.156,43.573,46.973,40.868,52.95,43.856,50.653,42.934,53.98,49.691,44.175,50.865,41.564,42.703]}}}