{"framework":"solid-v1.8.0-keyed","keyed":true,"benchmark":"08_clear","type":"cpu","values":{"total":{"min":59.926,"max":82.041,"median":65.291,"mean":66.416,"stddev":5.619641485768591,"values":[68.211,60.755,60.081,65.291,64.73,67.205,64.609,64.888,59.926,68.343,63.284,65.999,82.041,66.969,73.908]},"script":{"min":58.486,"max":80.091,"median":63.871,"mean":64.97626666666666,"stddev":5.511370719659838,"values":[66.986,59.576,58.661,63.871,63.214,65.812,63.232,63.414,58.486,67.029,61.862,64.467,80.091,65.437,72.506]},"paint":{"min":0.978,"max":1.534,"median":1.158,"mean":1.1739333333333333,"stddev":0.13515994052902483,"values":[0.978,0.982,1.158,1.138,1.255,1.101,1.139,1.255,1.231,1.047,1.212,1.214,1.534,1.242,1.123]}}}