{"framework":"vue-v3.3.6-keyed","keyed":true,"benchmark":"32_startup-bt","type":"startup","values":{"DEFAULT":{"min":77.12400000000001,"max":86.38000000000002,"median":79.99599999999998,"mean":80.10933333333334,"stddev":2.279877523861655,"values":[80.564,77.81200000000001,78.79599999999999,80.24,78.92399999999999,77.12400000000001,79.52799999999998,80.244,79.99599999999998,78.46799999999999,78.392,86.38000000000002,82.82400000000001,80.81599999999999,81.53200000000001]}}}