{"framework":"vue-v3.3.6-keyed","keyed":true,"benchmark":"07_create-after1k","type":"cpu","values":{"total":{"min":1631.9,"max":1698.257,"median":1658.465,"mean":1661.7796,"stddev":20.34114788094039,"values":[1652.576,1669.65,1698.257,1640.636,1655.914,1631.9,1673.559,1658.465,1680.137,1677.468,1635.319,1653.926,1693.783,1663.776,1641.328]},"script":{"min":0.447,"max":0.812,"median":0.565,"mean":0.5816666666666667,"stddev":0.09419635014666111,"values":[0.701,0.521,0.651,0.63,0.565,0.501,0.586,0.491,0.812,0.52,0.54,0.596,0.522,0.447,0.642]},"paint":{"min":1259.518,"max":1294.89,"median":1272.372,"mean":1273.7053333333336,"stddev":9.878202725963789,"values":[1270.128,1277.18,1294.89,1265.019,1264.378,1259.518,1277.843,1277.501,1285.933,1276.706,1261.229,1266.408,1284.829,1271.646,1272.372]}}}