{"framework":"vue-v3.3.6-keyed","keyed":true,"benchmark":"04_select","type":"cpu","values":{"total":{"min":132.637,"max":189.741,"median":141.654,"mean":145.38466666666667,"stddev":14.641020010654348,"values":[144.894,135.336,132.637,143.849,166.12,139.733,139.332,147.802,141.654,137.244,189.741,134.39,138.538,142.072,147.428]},"script":{"min":11.77,"max":20.089,"median":12.989,"mean":14.054866666666667,"stddev":2.6345871692508016,"values":[12.989,12.821,12.137,12.588,15.293,13.18,17.62,13.245,11.77,14.04,20.089,12.185,12.343,18.582,11.941]},"paint":{"min":62.402,"max":87.348,"median":64.49,"mean":68.59179999999999,"stddev":7.6774932683600765,"values":[65.377,63.679,62.586,62.402,87.348,64.194,62.536,71.793,74.99,64.49,79.829,62.532,66.933,64.166,76.022]}}}