{"framework":"vue-v3.3.6-keyed","keyed":true,"benchmark":"33_startup-mainthreadcost","type":"startup","values":{"DEFAULT":{"min":342.0840000000001,"max":364.3760000000002,"median":350.32,"mean":351.7064000000001,"stddev":6.450733344799992,"values":[354.66799999999995,345.8560000000001,347.99199999999996,350.54400000000004,350.32,342.0840000000001,346.2040000000001,352.59199999999976,354.0080000000001,348.85200000000003,364.3760000000002,358.85200000000003,363.59200000000016,348.9400000000001,346.71600000000007]}}}