{"framework":"vue-v3.3.6-keyed","keyed":true,"benchmark":"04_select","type":"cpu","values":{"total":{"min":121.352,"max":150.157,"median":130.086,"mean":132.53766666666667,"stddev":8.097286306152794,"values":[129.772,138.228,131.009,127.43,136.117,138.595,128.421,133.949,125.465,126.588,130.086,124.56,146.336,150.157,121.352]},"script":{"min":16.604,"max":26.148,"median":18.602,"mean":20.067666666666664,"stddev":3.556465313173956,"values":[24.06,23.554,16.962,17.653,21.215,16.656,20.374,26.148,17.018,18.602,22.952,16.996,25.589,16.604,16.632]},"paint":{"min":44.426,"max":56.002,"median":46.03,"mean":47.224000000000004,"stddev":3.61054821717858,"values":[45.752,45.185,46.03,45.594,46.029,55.657,47.687,46.181,47.591,46.306,45.262,46.154,44.426,56.002,44.504]}}}