{"framework":"vue-v3.3.6-keyed","keyed":true,"benchmark":"03_update10th","type":"cpu","values":{"total":{"min":908.26,"max":1433.054,"median":948.962,"mean":979.7903333333335,"stddev":126.79088779993317,"values":[936.521,957.292,948.962,980.332,929.647,908.26,957.189,968.058,944.052,938.782,1433.054,958.334,923.673,943.327,969.372]},"script":{"min":80.063,"max":95.617,"median":85.38,"mean":86.1506,"stddev":4.5779834113161355,"values":[85.38,90.45,88.858,95.617,91.366,84.538,82.311,80.063,81.492,89.509,80.371,89.54,85.724,84.915,82.125]},"paint":{"min":763.102,"max":1285.28,"median":797.196,"mean":829.1500666666667,"stddev":127.19313540914668,"values":[790.297,807.898,796.039,821.234,778.331,763.102,796.319,823.151,800.363,785.903,1285.28,807.167,778.923,797.196,806.048]}}}