{"framework":"vue-v3.3.6-keyed","keyed":true,"benchmark":"05_swap","type":"cpu","values":{"total":{"min":1089.001,"max":1208.281,"median":1135.779,"mean":1133.3148,"stddev":31.33813438288882,"values":[1110.242,1131.105,1136.911,1092.871,1125.704,1208.281,1167.84,1142.261,1110.498,1098.848,1143.007,1151.341,1156.033,1135.779,1089.001]},"script":{"min":21.632,"max":29.741,"median":22.719,"mean":23.778000000000002,"stddev":2.5716131957530908,"values":[24.335,22.696,22.924,22.291,22.719,21.662,29.741,26.394,22.308,21.679,21.632,28.618,24.886,22.892,21.893]},"paint":{"min":1001.023,"max":1090.038,"median":1048.305,"mean":1043.9439333333332,"stddev":25.50268030862264,"values":[1016.583,1048.305,1054.12,1011.403,1037.01,1090.038,1075.51,1044.274,1026.123,1017.379,1059.765,1056.744,1069.983,1050.899,1001.023]}}}