{"framework":"vue-v3.3.6-keyed","keyed":true,"benchmark":"01_create","type":"cpu","values":{"total":{"min":1315.366,"max":1586.237,"median":1397.435,"mean":1402.3512666666668,"stddev":78.24900432544693,"values":[1400.223,1350.237,1315.732,1337.476,1344.149,1350.943,1315.366,1352.49,1397.435,1461.692,1407.994,1427.186,1480.295,1507.814,1586.237]},"script":{"min":330.416,"max":431.792,"median":355.313,"mean":359.81100000000004,"stddev":29.413168282736407,"values":[362.672,336.985,330.416,335.745,351.983,334.819,331.328,339.35,358.912,407.609,362.835,376.085,431.792,381.321,355.313]},"paint":{"min":966.299,"max":1208.528,"median":1021.949,"mean":1026.3250666666668,"stddev":62.025033992582,"values":[1021.949,997.496,969.655,986.75,976.219,1000.403,966.299,997.48,1023.25,1038.797,1029.276,1035.09,1032.972,1110.712,1208.528]}}}