{"framework":"vue-v3.3.6-keyed","keyed":true,"benchmark":"24_run-clear-memory","type":"memory","values":{"DEFAULT":{"min":34.73034191131592,"max":34.86100101470947,"median":34.85601329803467,"mean":34.82631587982178,"stddev":0.05250364025267503,"values":[34.85496234893799,34.85683822631836,34.857675552368164,34.85647678375244,34.73118305206299,34.85754680633545,34.73034191131592,34.86100101470947,34.856510162353516,34.85601329803467,34.74995422363281,34.8540096282959,34.760305404663086,34.85517692565918,34.85674285888672]}}}