{"framework":"vue-v3.3.6-keyed","keyed":true,"benchmark":"03_update10th","type":"cpu","values":{"total":{"min":908.92,"max":1251.85,"median":950.023,"mean":963.7203333333334,"stddev":81.71157688363087,"values":[924.748,950.023,908.92,976.772,950.336,926.718,927.682,923.513,941.74,1251.85,958.585,944.079,955.865,951.244,963.73]},"script":{"min":76.529,"max":110.039,"median":80.109,"mean":83.31660000000001,"stddev":8.236595073208347,"values":[79.51,80.109,76.529,79.865,82.696,78.976,78.851,82.08,79.773,89.778,88.874,81.519,78.48,110.039,82.67]},"paint":{"min":771.859,"max":1086.86,"median":789.548,"mean":814.4933333333335,"stddev":76.95680899761393,"values":[783.124,807.504,771.859,828.976,807.095,782.085,787.375,780.196,789.548,1086.86,789.458,801.807,815.307,780.326,805.88]}}}