{"framework":"vue-v3.3.6-keyed","keyed":true,"benchmark":"02_replace","type":"cpu","values":{"total":{"min":1682.422,"max":1985.443,"median":1803.411,"mean":1803.368733333333,"stddev":78.83801676807839,"values":[1740.232,1682.422,1870.859,1904.352,1693.413,1740.665,1985.443,1803.411,1752.657,1815.406,1806.487,1809.654,1798.868,1802.2,1844.462]},"script":{"min":0.362,"max":0.504,"median":0.446,"mean":0.43653333333333333,"stddev":0.05356020199826769,"values":[0.427,0.476,0.386,0.462,0.39,0.365,0.493,0.362,0.408,0.502,0.483,0.481,0.504,0.446,0.363]},"paint":{"min":1184.005,"max":1395.037,"median":1258.932,"mean":1266.2591333333332,"stddev":64.03501702067469,"values":[1186.289,1184.005,1366.015,1364.219,1186.086,1244.77,1395.037,1255.748,1238.279,1259.272,1258.932,1267.05,1254.163,1260.638,1273.384]}}}