{"framework":"vue-v3.3.6-keyed","keyed":true,"benchmark":"01_create","type":"cpu","values":{"total":{"min":1587.208,"max":1756.03,"median":1689.494,"mean":1675.9712000000002,"stddev":51.937823741745,"values":[1594.28,1643.992,1587.208,1689.494,1628.182,1624.802,1653.653,1694.554,1756.03,1735.56,1697.816,1726.811,1677.285,1724.938,1704.963]},"script":{"min":0.382,"max":0.985,"median":0.439,"mean":0.49720000000000003,"stddev":0.15181483082078265,"values":[0.541,0.625,0.985,0.414,0.505,0.502,0.412,0.55,0.397,0.382,0.47,0.439,0.422,0.402,0.412]},"paint":{"min":1202.179,"max":1320.824,"median":1275.385,"mean":1267.5655333333334,"stddev":37.465237435839214,"values":[1202.179,1250.537,1208.307,1306.608,1234.898,1232.72,1250.731,1275.385,1320.824,1304.453,1285.887,1296.56,1250.159,1297.711,1296.524]}}}