{"framework":"vue-v3.3.6-keyed","keyed":true,"benchmark":"03_update10th","type":"cpu","values":{"total":{"min":936.247,"max":1400.275,"median":1031.466,"mean":1081.3798666666667,"stddev":140.49833471400834,"values":[1035.632,975.335,1020.783,988.166,1318.761,1067.365,1022.783,1031.466,1400.275,975.507,1280.388,990.854,1032.366,936.247,1144.77]},"script":{"min":74.487,"max":103.286,"median":88.359,"mean":89.25006666666667,"stddev":8.977813172058157,"values":[103.286,86.202,78.983,82.475,99.877,100.349,78.527,92.079,100.258,85.79,88.359,90.487,83.417,74.487,94.175]},"paint":{"min":781.131,"max":1175.97,"median":856.44,"mean":902.0563333333334,"stddev":126.98514687871777,"values":[822.364,803.594,856.44,809.722,1125.184,885.969,858.349,855.163,1175.97,812.52,1090.939,822.723,865.626,781.131,965.151]}}}