{"framework":"vue-v3.3.6-keyed","keyed":true,"benchmark":"21_ready-memory","type":"memory","values":{"DEFAULT":{"min":0.785670280456543,"max":0.8166799545288086,"median":0.7863073348999023,"mean":0.7896883646647136,"stddev":0.009495328764615663,"values":[0.785670280456543,0.7857275009155273,0.785670280456543,0.7863798141479492,0.8166799545288086,0.786768913269043,0.785670280456543,0.7867116928100586,0.8088283538818359,0.785670280456543,0.7867116928100586,0.7863073348999023,0.7856893539428711,0.785670280456543,0.7871694564819336]}}}