{"framework":"vue-v3.3.6-keyed","keyed":true,"benchmark":"07_create-after1k","type":"cpu","values":{"total":{"min":1358.617,"max":1503.624,"median":1408.906,"mean":1420.1971333333336,"stddev":42.07343987068779,"values":[1392.747,1368.029,1503.624,1479.503,1385.189,1400.112,1358.617,1397.427,1449.727,1468.179,1453.275,1408.906,1409.505,1426.408,1401.709]},"script":{"min":303.875,"max":348.446,"median":322.56,"mean":322.9676,"stddev":14.115467599157217,"values":[319.491,305.168,335.598,348.446,309.407,333.793,303.875,304.166,335.599,323.109,338.899,322.56,315.225,333.364,315.814]},"paint":{"min":1038.056,"max":1151.717,"median":1075.016,"mean":1080.4130666666667,"stddev":31.947430271053264,"values":[1056.628,1046.459,1151.717,1114.068,1058.993,1049.549,1038.056,1075.016,1097.047,1127.848,1098.268,1070.407,1077.782,1076.088,1068.27]}}}