{"framework":"vue-v3.3.6-keyed","keyed":true,"benchmark":"02_replace","type":"cpu","values":{"total":{"min":1399.23,"max":1664.174,"median":1453.684,"mean":1478.3199333333332,"stddev":71.36221569016423,"values":[1483.81,1480.272,1465.588,1426.356,1431.409,1442.354,1551.274,1430.119,1453.684,1450.647,1415.776,1497.884,1399.23,1664.174,1582.222]},"script":{"min":415.409,"max":597.306,"median":434.119,"mean":445.65819999999997,"stddev":43.75131054559559,"values":[452.79,441.056,432.024,422.636,428.815,437.777,455.688,424.573,434.119,426.377,415.409,454.324,421.062,597.306,440.917]},"paint":{"min":963.108,"max":1125.936,"median":1008.188,"mean":1017.0405333333333,"stddev":41.45939120197129,"values":[1015.921,1023.998,1018.876,987.608,986.841,989.651,1075.891,990.493,1004.44,1008.188,985.201,1028.165,963.108,1051.291,1125.936]}}}