{"framework":"vue-v3.3.6-keyed","keyed":true,"benchmark":"08_clear","type":"cpu","values":{"total":{"min":65.482,"max":77.31,"median":71.207,"mean":71.60593333333334,"stddev":2.519296853904924,"values":[71.207,70.331,65.482,73.45,70.383,70.199,71.527,77.31,71.189,72.097,70.704,72.959,72.185,74.12,70.946]},"script":{"min":63.746,"max":75.788,"median":69.356,"mean":69.89293333333333,"stddev":2.541156133581345,"values":[69.194,68.741,63.746,71.947,68.808,68.695,69.865,75.788,69.356,70.131,69.067,70.991,70.29,72.445,69.33]},"paint":{"min":1.145,"max":1.637,"median":1.32,"mean":1.3983333333333334,"stddev":0.1567822268838744,"values":[1.622,1.292,1.458,1.269,1.295,1.145,1.407,1.264,1.48,1.637,1.318,1.631,1.557,1.32,1.28]}}}