{"framework":"vue-v3.3.6-keyed","keyed":true,"benchmark":"06_remove-one","type":"cpu","values":{"total":{"min":907.732,"max":997.902,"median":950.804,"mean":952.0560666666668,"stddev":23.90085451092453,"values":[948.849,939.701,917.575,954.616,997.902,957.268,983.118,950.804,907.732,947.85,933.888,942.824,961.68,952.525,984.509]},"script":{"min":119.771,"max":177.496,"median":136.742,"mean":143.57513333333333,"stddev":18.33292587460631,"values":[158.693,132.926,128.538,156.486,177.496,143.113,165.841,134.784,119.771,129.948,135.468,120.463,140.799,136.742,172.559]},"paint":{"min":752.841,"max":786.958,"median":774.747,"mean":771.9270666666666,"stddev":11.294426744870146,"values":[753.8,768.009,756.303,765.407,781.297,779.237,776.959,781.729,752.841,783.603,764.592,786.958,774.747,782.126,771.298]}}}