{"framework":"vue-v3.3.6-keyed","keyed":true,"benchmark":"08_clear","type":"cpu","values":{"total":{"min":65.329,"max":78.469,"median":71.042,"mean":71.79733333333333,"stddev":3.5102779838368234,"values":[65.518,70.542,71.042,70.586,74.713,72.493,70.949,78.469,72.339,65.329,75.571,75.862,70.724,72.084,70.739]},"script":{"min":63.946,"max":77.093,"median":69.629,"mean":70.32586666666666,"stddev":3.483771188703142,"values":[64.169,69.167,69.629,69.056,73.093,71.034,69.353,77.093,70.73,63.946,74.128,74.323,69.211,70.642,69.314]},"paint":{"min":1.094,"max":1.358,"median":1.174,"mean":1.2078,"stddev":0.08318241572420391,"values":[1.117,1.094,1.149,1.233,1.345,1.16,1.312,1.131,1.358,1.169,1.172,1.261,1.266,1.176,1.174]}}}