{"framework":"vue-v3.3.6-keyed","keyed":true,"benchmark":"05_swap","type":"cpu","values":{"total":{"min":1079.738,"max":1172.176,"median":1120.754,"mean":1122.431,"stddev":22.327476023308773,"values":[1172.176,1132.968,1079.738,1139.728,1131.011,1120.754,1115.99,1109.202,1120.841,1139.988,1099.584,1113.811,1098.903,1144.583,1117.188]},"script":{"min":21.264,"max":33.174,"median":22.142,"mean":22.840066666666665,"stddev":2.9153491941463074,"values":[21.855,22.242,21.476,22.531,22.066,23.486,22.498,21.264,21.659,22.494,21.317,22.142,33.174,21.922,22.475]},"paint":{"min":995.382,"max":1087.48,"median":1033.261,"mean":1036.529,"stddev":22.50745792271659,"values":[1087.48,1049.118,995.382,1044.734,1040.202,1035.367,1033.261,1026.539,1033.082,1056.482,1016.843,1028.866,1005.904,1061.901,1032.774]}}}