{"framework":"vue-v3.3.6-keyed","keyed":true,"benchmark":"22_run-memory","type":"memory","values":{"DEFAULT":{"min":34.923606872558594,"max":34.958744049072266,"median":34.927496910095215,"mean":34.929123942057295,"stddev":0.008457637422233226,"values":[34.958744049072266,34.92959022521973,34.92413330078125,34.92455291748047,34.928157806396484,34.92587661743164,34.92745018005371,34.92481994628906,34.9266471862793,34.93083477020264,34.928367614746094,34.92905235290527,34.923606872558594,34.927528381347656,34.927496910095215]}}}