{"framework":"vue-v3.3.6-keyed","keyed":true,"benchmark":"23_update5-memory","type":"memory","values":{"DEFAULT":{"min":34.88045406341553,"max":34.886237144470215,"median":34.88329315185547,"mean":34.88320306142171,"stddev":0.0016824775337931622,"values":[34.88152599334717,34.88425540924072,34.88406562805176,34.88329315185547,34.88394069671631,34.8828821182251,34.88218688964844,34.886237144470215,34.880892753601074,34.882802963256836,34.88340377807617,34.88623237609863,34.88045406341553,34.8838472366333,34.882025718688965]}}}