{"framework":"vue-v3.3.6-keyed","keyed":true,"benchmark":"06_remove-one","type":"cpu","values":{"total":{"min":927.879,"max":1094.949,"median":957.061,"mean":965.4498,"stddev":40.55495717488978,"values":[930.919,988.037,957.061,939.006,964.045,980.648,983.615,1094.949,927.879,949.069,964.491,936.163,971.035,946.941,947.889]},"script":{"min":122.733,"max":168.925,"median":134.232,"mean":141.2146,"stddev":17.065504780111254,"values":[124.636,122.825,132.272,127.537,134.232,164.488,147.728,168.925,122.733,128.11,168.336,138.389,153.016,128.406,156.586]},"paint":{"min":757.392,"max":891.02,"median":783.319,"mean":789.1542666666666,"stddev":33.60448467619137,"values":[772.101,829.841,790.742,778.021,788.656,784.308,803.808,891.02,770.812,787.13,758.52,762.827,778.817,783.319,757.392]}}}