{"framework":"vue-v3.3.6-keyed","keyed":true,"benchmark":"08_clear","type":"cpu","values":{"total":{"min":54.847,"max":66.172,"median":62.247,"mean":61.2154,"stddev":3.4247462846590127,"values":[62.547,61.177,65.505,66.172,61.996,62.934,58.645,62.247,63.676,60.81,63.121,62.632,55.415,54.847,56.507]},"script":{"min":53.665,"max":64.875,"median":60.929,"mean":59.85866666666666,"stddev":3.382371012568944,"values":[60.969,59.921,64.089,64.875,60.75,61.6,57.1,61.026,62.408,59.407,61.699,60.929,54.137,53.665,55.305]},"paint":{"min":0.996,"max":1.352,"median":1.076,"mean":1.1136000000000001,"stddev":0.11697545530091835,"values":[1.29,1.048,1.126,1.06,1.046,1.076,1.32,1.01,1.027,1.087,1.165,1.352,1.097,1.004,0.996]}}}