{"framework":"vue-v3.3.6-keyed","keyed":true,"benchmark":"07_create-after1k","type":"cpu","values":{"total":{"min":1793.563,"max":1871.711,"median":1839.412,"mean":1831.6850000000002,"stddev":28.6372867454802,"values":[1864.817,1793.563,1807.536,1841.344,1866.714,1839.412,1871.711,1803.985,1852.113,1863.864,1815.412,1846.31,1796.68,1813.386,1798.428]},"script":{"min":0.437,"max":0.708,"median":0.488,"mean":0.5241333333333332,"stddev":0.09112774915834727,"values":[0.444,0.437,0.701,0.488,0.708,0.571,0.58,0.474,0.451,0.449,0.54,0.451,0.449,0.519,0.6]},"paint":{"min":1379.82,"max":1452.136,"median":1414.682,"mean":1414.2021999999997,"stddev":18.84016221191923,"values":[1417.527,1379.82,1406.821,1426.809,1452.136,1415.198,1439.91,1394.738,1432.064,1424.26,1398.702,1410.202,1402.026,1414.682,1398.138]}}}