{"framework":"vue-v3.3.6-keyed","keyed":true,"benchmark":"31_startup-ci","type":"startup","values":{"DEFAULT":{"min":2126.3284999999996,"max":2816.3785,"median":2277.072,"mean":2406.7240999999995,"stddev":258.12947227327334,"values":[2278.3235,2815.059,2273.7125,2277.072,2816.3785,2273.1125,2273.6225,2248.1765,2815.878,2126.3284999999996,2815.5535,2280.439,2281.469,2248.946,2276.7905]}}}