{"framework":"vue-v3.3.6-keyed","keyed":true,"benchmark":"01_create","type":"cpu","values":{"total":{"min":1539.119,"max":1736.619,"median":1569.413,"mean":1595.796266666667,"stddev":57.64803469759604,"values":[1565.521,1551.175,1572.709,1539.119,1565.068,1559.847,1554.981,1558.419,1736.619,1687.08,1621.911,1646.259,1569.413,1570.229,1638.594]},"script":{"min":0.432,"max":0.61,"median":0.502,"mean":0.5070666666666667,"stddev":0.04297418937433204,"values":[0.502,0.477,0.61,0.496,0.542,0.508,0.486,0.45,0.556,0.519,0.497,0.485,0.52,0.432,0.526]},"paint":{"min":1153.711,"max":1330.535,"median":1187.497,"mean":1204.9796,"stddev":54.23648015970698,"values":[1161.884,1153.711,1195.216,1162.435,1183.529,1160.959,1177.168,1158.485,1330.535,1301.536,1227.089,1260.188,1191.134,1187.497,1223.328]}}}