{"framework":"vue-v3.3.6-keyed","keyed":true,"benchmark":"02_replace","type":"cpu","values":{"total":{"min":1756.747,"max":1873.387,"median":1780.434,"mean":1782.9632666666664,"stddev":28.480173109592933,"values":[1757.947,1792.889,1782.603,1787.106,1756.747,1785.209,1758.555,1801.652,1770.232,1873.387,1780.434,1786.465,1772.664,1760.945,1777.614]},"script":{"min":0.372,"max":0.548,"median":0.435,"mean":0.4445333333333333,"stddev":0.045050553614271835,"values":[0.429,0.497,0.548,0.435,0.409,0.467,0.43,0.397,0.475,0.481,0.397,0.424,0.372,0.45,0.457]},"paint":{"min":1230.327,"max":1346.11,"median":1249.934,"mean":1254.5565333333334,"stddev":27.156958210864943,"values":[1230.327,1250.226,1258.283,1255.674,1239.364,1258.361,1238.88,1267.711,1235.142,1346.11,1248.591,1249.934,1250.852,1242.729,1246.164]}}}