{"framework":"vue-v3.3.6-keyed","keyed":true,"benchmark":"06_remove-one","type":"cpu","values":{"total":{"min":863.355,"max":1288.339,"median":976.672,"mean":1016.5429333333334,"stddev":126.36723737327006,"values":[882.667,1017.907,863.355,1072.294,918.3,976.294,930.083,976.672,1181.45,1212.439,1288.339,1065.638,936.562,1011.843,914.301]},"script":{"min":106.757,"max":160.486,"median":121.092,"mean":129.54253333333332,"stddev":19.00043423513814,"values":[121.092,159.927,116.22,115.475,117.269,118.147,126.126,106.757,154.57,136.582,160.486,130.976,112.491,154.901,112.119]},"paint":{"min":704.561,"max":1058.507,"median":812.79,"mean":839.5791999999999,"stddev":109.71967148224348,"values":[715.258,816.521,704.561,910.642,757.231,807.154,760.684,824.815,977.157,1025.171,1058.507,888.63,774.933,812.79,759.634]}}}