{"framework":"vue-v3.3.6-keyed","keyed":true,"benchmark":"05_swap","type":"cpu","values":{"total":{"min":1155.273,"max":2044.813,"median":1207.712,"mean":1319.013333333333,"stddev":249.6607474267164,"values":[2044.813,1723.859,1186.463,1170.896,1340.749,1207.712,1200.538,1251.817,1448.466,1204.565,1155.273,1241.161,1275.229,1161.54,1172.119]},"script":{"min":19.236,"max":56.69,"median":20.94,"mean":24.159,"stddev":9.664098864205748,"values":[20.248,56.69,32.915,19.659,21.318,20.135,19.463,20.251,22.017,26.02,19.236,20.94,21.494,19.305,22.694]},"paint":{"min":1050.162,"max":1938.689,"median":1105.953,"mean":1207.5764666666664,"stddev":244.40740249482354,"values":[1938.689,1569.951,1064.362,1070.177,1235.061,1105.953,1093.918,1148.126,1323.869,1069.684,1050.162,1139.33,1173.276,1061.893,1069.196]}}}