{"framework":"vue-v3.3.6-keyed","keyed":true,"benchmark":"04_select","type":"cpu","values":{"total":{"min":123.894,"max":135.267,"median":127.103,"mean":128.23193333333333,"stddev":4.054498603256574,"values":[135.267,131.906,131.791,134.203,127.103,124.608,124.729,124.071,127.105,133.302,124.286,123.894,125.001,129.333,126.88]},"script":{"min":15.806,"max":18.63,"median":17.075,"mean":17.156533333333332,"stddev":0.7066503344923116,"values":[17.687,18.041,17.019,17.87,18.63,16.653,16.83,17.075,17.253,16.811,15.806,16.444,17.207,16.589,17.433]},"paint":{"min":44.799,"max":53.162,"median":46.56,"mean":47.24479999999999,"stddev":2.0151410514261414,"values":[49.168,53.162,47.169,48.269,46.56,45.86,46.768,45.642,47.857,44.799,46.394,46.177,46.346,46.052,48.449]}}}