{"framework":"solid-v1.8.0-keyed","keyed":true,"benchmark":"04_select","type":"cpu","values":{"total":{"min":194.065,"max":214.548,"median":200.259,"mean":202.1274666666667,"stddev":5.982576390374522,"values":[196.07,201.098,199.975,198.274,214.548,202.975,209.135,198.752,202.279,207.416,200.259,211.427,194.065,195.786,199.853]},"script":{"min":2.418,"max":2.875,"median":2.641,"mean":2.6611333333333334,"stddev":0.12400510742169718,"values":[2.816,2.637,2.646,2.656,2.817,2.875,2.791,2.463,2.641,2.635,2.628,2.645,2.418,2.63,2.619]},"paint":{"min":77.849,"max":87.641,"median":79.952,"mean":80.51073333333333,"stddev":2.5488832699457866,"values":[78.102,80.401,79.666,80.169,81,79.952,87.641,78.758,77.849,84.466,80.943,81.313,78.504,79.407,79.49]}}}