{"framework":"solid-v1.8.0-keyed","keyed":true,"benchmark":"06_remove-one","type":"cpu","values":{"total":{"min":1475.859,"max":1522.908,"median":1500.351,"mean":1499.0738666666664,"stddev":13.781672995408822,"values":[1489.973,1476.285,1485.647,1508.516,1475.859,1504.761,1522.908,1501.892,1518.713,1500.086,1500.351,1510.867,1504.468,1490.99,1494.792]},"script":{"min":12.558,"max":18.025,"median":14.051,"mean":14.25806666666667,"stddev":1.3594326267478893,"values":[13.995,12.6,13.956,14.334,15.422,15.1,18.025,14.403,12.974,14.609,13.964,13.021,14.859,14.051,12.558]},"paint":{"min":1396.058,"max":1442.384,"median":1420.955,"mean":1419.1519999999998,"stddev":13.351138720830415,"values":[1408.578,1398.293,1405.902,1427.878,1396.058,1421.15,1439.125,1423.614,1442.384,1419.785,1420.955,1429.51,1424.37,1411.256,1418.422]}}}