{"framework":"solid-v1.8.0-keyed","keyed":true,"benchmark":"05_swap","type":"cpu","values":{"total":{"min":2086.439,"max":2407.876,"median":2154.34,"mean":2167.7869333333333,"stddev":72.81738623871435,"values":[2165.29,2127.024,2122.669,2133.707,2196.749,2173.772,2116.513,2182.73,2141.227,2086.439,2185.078,2154.34,2407.876,2169.494,2153.896]},"script":{"min":36.837,"max":63.221,"median":39.1,"mean":42.2238,"stddev":6.8092292536359365,"values":[36.837,39.1,38.89,40.197,39.661,49.228,38.693,38.304,38.094,38.842,44.241,38.237,63.221,46.898,42.914]},"paint":{"min":1931.806,"max":2227.562,"median":1996.908,"mean":2006.541,"stddev":66.96065881225651,"values":[2010.504,1970.258,1965.965,1972.148,2031.08,2007.278,1962.424,2027.166,1982.043,1931.806,2022.269,1997.594,2227.562,1996.908,1993.11]}}}