{"framework":"solid-v1.8.0-keyed","keyed":true,"benchmark":"06_remove-one","type":"cpu","values":{"total":{"min":1438.864,"max":1626.883,"median":1606.76,"mean":1580.5692666666669,"stddev":57.61796135192896,"values":[1438.864,1459.782,1556.399,1598.165,1606.76,1564.563,1575.237,1621.346,1612.55,1626.883,1618.427,1609.87,1620.127,1583.691,1615.875]},"script":{"min":11.55,"max":16.534,"median":14.422,"mean":14.56993333333333,"stddev":1.2815252891249027,"values":[13.823,13.416,14.697,14.18,14.589,14.383,13.802,11.55,14.422,14.834,16.237,16.534,15.456,14.179,16.447]},"paint":{"min":1355.095,"max":1546.556,"median":1524.328,"mean":1498.3817999999997,"stddev":57.01711859382982,"values":[1355.095,1381.112,1475.534,1517.24,1524.328,1482.145,1495.162,1543.473,1526.356,1546.556,1532.315,1527.202,1531.177,1505.609,1532.423]}}}