{"framework":"solid-v1.8.0-keyed","keyed":true,"benchmark":"33_startup-mainthreadcost","type":"startup","values":{"DEFAULT":{"min":320.632,"max":344.02799999999996,"median":334.7479999999999,"mean":334.2794666666667,"stddev":5.465998351715097,"values":[339.472,320.632,332.16799999999995,331.80000000000007,329.41200000000003,335.564,332.32800000000003,336.96799999999985,337.85999999999996,332.8680000000001,335.76399999999984,344.02799999999996,334.7479999999999,330.61199999999997,339.968]}}}