{"framework":"solid-v1.8.0-keyed","keyed":true,"benchmark":"05_swap","type":"cpu","values":{"total":{"min":1981.1,"max":2404.626,"median":2288.224,"mean":2265.6052666666665,"stddev":92.95593648718479,"values":[1981.1,2198.672,2404.626,2295.846,2330.917,2237.47,2247.91,2313.615,2315.791,2307.937,2285.293,2288.224,2259.753,2292.266,2224.659]},"script":{"min":34.297,"max":46.036,"median":40.157,"mean":40.41453333333334,"stddev":2.805865765719754,"values":[34.297,37.971,37.849,39.541,46.036,39.695,39.969,40.157,44.191,42.796,39.49,40.923,40.167,40.278,42.858]},"paint":{"min":1833.014,"max":2235.669,"median":2119.188,"mean":2096.3338000000003,"stddev":87.10072649377193,"values":[1833.014,2028.889,2235.669,2127.856,2147.297,2076.998,2072.41,2145.542,2138.71,2129.791,2121.596,2119.188,2089.978,2118.445,2059.624]}}}