{"framework":"solid-v1.8.0-keyed","keyed":true,"benchmark":"08_clear","type":"cpu","values":{"total":{"min":134.973,"max":162.257,"median":146.006,"mean":144.7840666666667,"stddev":7.8697312757413105,"values":[138.573,139.907,134.973,136.926,146.006,138.828,135.507,147.766,139.629,146.07,162.257,153.489,149.067,151.556,151.207]},"script":{"min":133.686,"max":160.758,"median":144.434,"mean":143.2372,"stddev":7.873703468780475,"values":[136.222,138.394,133.686,135.402,144.434,137.342,134.133,146.195,138.31,144.562,160.758,151.956,147.382,150.082,149.7]},"paint":{"min":1.066,"max":2.084,"median":1.25,"mean":1.2926666666666664,"stddev":0.23231556945139045,"values":[2.084,1.303,1.066,1.217,1.281,1.283,1.173,1.315,1.092,1.235,1.24,1.271,1.355,1.225,1.25]}}}