{"framework":"solid-v1.8.0-keyed","keyed":true,"benchmark":"31_startup-ci","type":"startup","values":{"DEFAULT":{"min":1453.921,"max":2663.196,"median":2057.6150000000002,"mean":2137.7333666666664,"stddev":500.54364713320405,"values":[2657.009,1453.921,2056.645,2656.2394999999997,2057.6150000000002,1455.5240000000001,2655.5425000000005,2057.325,1457.6660000000002,2657.9055,2064.0080000000003,2655.931,1460.3229999999999,2057.15,2663.196]}}}