{"framework":"solid-v1.8.0-keyed","keyed":true,"benchmark":"01_create","type":"cpu","values":{"total":{"min":1931.351,"max":2213.866,"median":1962.8,"mean":1983.3742666666667,"stddev":68.22225228039252,"values":[2017.419,1958.604,1955.65,1988.799,1962.8,2015.678,1959.055,1968.71,1954.731,1964.691,1947.437,1939.886,1931.351,2213.866,1971.937]},"script":{"min":192.528,"max":228.148,"median":204.748,"mean":205.30626666666666,"stddev":8.488663679676954,"values":[205.315,205.453,201.3,206.197,204.748,199.972,200.289,208.481,201.179,203.091,214.513,192.528,196.014,228.148,212.366]},"paint":{"min":1711.359,"max":1963.129,"median":1736.666,"mean":1756.0044,"stddev":61.93818100539553,"values":[1790.108,1731.43,1732.192,1760.308,1736.142,1793.374,1736.666,1737.295,1731.479,1739.808,1711.359,1725.458,1713.233,1963.129,1738.085]}}}