{"framework":"solid-v1.8.0-keyed","keyed":true,"benchmark":"32_startup-bt","type":"startup","values":{"DEFAULT":{"min":16.208,"max":66.804,"median":17.311999999999998,"mean":21.017066666666665,"stddev":12.714165190654011,"values":[17.30399999999999,16.615999999999996,17.299999999999997,18.16,17.215999999999994,19.22,19.099999999999998,17.311999999999998,19.971999999999998,16.208,66.804,16.547999999999995,18.763999999999996,16.859999999999996,17.871999999999996]}}}