{"framework":"solid-v1.8.0-keyed","keyed":true,"benchmark":"02_replace","type":"cpu","values":{"total":{"min":3270.83,"max":3836.632,"median":3316.999,"mean":3370.4946,"stddev":151.26475181038427,"values":[3350.872,3304.743,3285.709,3611.576,3304.06,3326.311,3270.83,3319.585,3836.632,3315.311,3353.358,3313.795,3310.221,3337.417,3316.999]},"script":{"min":0.423,"max":0.672,"median":0.529,"mean":0.5232666666666667,"stddev":0.0661766755054406,"values":[0.544,0.423,0.529,0.535,0.503,0.439,0.547,0.496,0.572,0.6,0.494,0.574,0.469,0.672,0.452]},"paint":{"min":2562.322,"max":2897.957,"median":2579.027,"mean":2621.8668000000007,"stddev":107.79950189733843,"values":[2668.002,2564.072,2580.864,2860.921,2570.788,2590.312,2563.64,2577.871,2897.957,2562.322,2578.806,2584.446,2567.01,2581.964,2579.027]}}}