{"framework":"solid-v1.8.0-keyed","keyed":true,"benchmark":"07_create-after1k","type":"cpu","values":{"total":{"min":3350.827,"max":3854.129,"median":3374.72,"mean":3407.9990000000007,"stddev":124.17094913119915,"values":[3386.048,3397.04,3368.813,3374.72,3350.827,3379.841,3368.809,3383.134,3371.527,3363.664,3398.177,3854.129,3369.057,3360.561,3393.638]},"script":{"min":0.48,"max":0.776,"median":0.54,"mean":0.5657333333333333,"stddev":0.08161098198742851,"values":[0.48,0.624,0.622,0.508,0.566,0.505,0.665,0.776,0.593,0.488,0.593,0.499,0.505,0.522,0.54]},"paint":{"min":2857.273,"max":3216.16,"median":2875.783,"mean":2898.4888000000005,"stddev":88.95367389040203,"values":[2860.622,2880.283,2860.344,2893.802,2873.39,2875.783,2861.594,2875.337,2876.358,2857.273,2906.052,3216.16,2867.905,2879.282,2893.147]}}}