{"framework":"solid-v1.8.0-keyed","keyed":true,"benchmark":"01_create","type":"cpu","values":{"total":{"min":2956.229,"max":3728.337,"median":3256.45,"mean":3216.2533333333336,"stddev":198.92276688190418,"values":[2957.356,2974.225,2956.229,3019.372,3141.012,3271.926,3728.337,3334.26,3369.715,3183.7,3224.94,3261.723,3282.378,3282.177,3256.45]},"script":{"min":0.419,"max":0.724,"median":0.477,"mean":0.49646666666666667,"stddev":0.0780740186038376,"values":[0.57,0.545,0.545,0.724,0.484,0.515,0.477,0.481,0.459,0.419,0.424,0.436,0.472,0.467,0.429]},"paint":{"min":2515.869,"max":3201.76,"median":2760.098,"mean":2736.545333333334,"stddev":175.41517516438648,"values":[2520.986,2515.869,2516.507,2552.043,2714.278,2760.098,3201.76,2822.182,2848.386,2687.414,2735.213,2795.541,2811.099,2782.352,2784.452]}}}