{"framework":"solid-v1.8.0-keyed","keyed":true,"benchmark":"22_run-memory","type":"memory","values":{"DEFAULT":{"min":57.126112937927246,"max":57.54742622375488,"median":57.21513366699219,"mean":57.22404149373372,"stddev":0.1020168470198452,"values":[57.30288124084473,57.126112937927246,57.1599702835083,57.20820713043213,57.21834182739258,57.13032150268555,57.199843406677246,57.152995109558105,57.247796058654785,57.21513366699219,57.54742622375488,57.15787601470947,57.2611083984375,57.215739250183105,57.21686935424805]}}}