{"framework":"solid-v1.8.0-keyed","keyed":true,"benchmark":"03_update10th","type":"cpu","values":{"total":{"min":1649.056,"max":2897.404,"median":1840.724,"mean":1977.5777333333328,"stddev":356.88418982762994,"values":[1779.617,1649.056,2507.776,1739.822,1808.272,2100.19,1840.724,1857.329,2897.404,2442.411,1748.931,1733.217,1869.032,1831.15,1858.735]},"script":{"min":42.795,"max":75.485,"median":49.915,"mean":53.43900000000001,"stddev":9.145283194865302,"values":[48.625,43.459,68.394,47.727,59.176,45.469,75.485,48.319,57.392,57.486,42.795,56.144,49.915,49.595,51.604]},"paint":{"min":1490.509,"max":2706.704,"median":1641.353,"mean":1791.7201333333335,"stddev":340.3314238362505,"values":[1597.494,1490.509,2275.378,1576.076,1627.861,1932.062,1640.464,1683.999,2706.704,2185.648,1590.231,1563.894,1689.59,1641.353,1674.539]}}}