{"framework":"solid-v1.8.0-keyed","keyed":true,"benchmark":"07_create-after1k","type":"cpu","values":{"total":{"min":3046.552,"max":3231.074,"median":3073.02,"mean":3095.5614000000005,"stddev":56.096503617554376,"values":[3147.782,3072.624,3068.518,3067.596,3073.467,3065.887,3104.112,3055.595,3073.02,3046.552,3231.074,3207.876,3079.09,3050.176,3090.052]},"script":{"min":0.498,"max":0.831,"median":0.604,"mean":0.6124666666666666,"stddev":0.08742005872033412,"values":[0.57,0.831,0.58,0.731,0.641,0.534,0.661,0.513,0.658,0.632,0.606,0.527,0.601,0.604,0.498]},"paint":{"min":2584.089,"max":2727.266,"median":2595.614,"mean":2612.6460666666667,"stddev":42.857227837598316,"values":[2645.072,2595.614,2584.542,2587.531,2602.79,2586.851,2600.795,2584.089,2594.539,2584.293,2727.266,2693.291,2595.39,2601.958,2605.67]}}}