{"framework":"solid-v1.8.0-keyed","keyed":true,"benchmark":"21_ready-memory","type":"memory","values":{"DEFAULT":{"min":0.5285444259643555,"max":0.5747537612915039,"median":0.5324316024780273,"mean":0.5395057678222657,"stddev":0.01507174265746886,"values":[0.5320005416870117,0.5319852828979492,0.5285444259643555,0.5325307846069336,0.5324316024780273,0.5720453262329102,0.5319852828979492,0.5551166534423828,0.5747537612915039,0.5320425033569336,0.5319852828979492,0.5319585800170898,0.5331182479858398,0.5334959030151367,0.5385923385620117]}}}