{"framework":"solid-v1.8.0-keyed","keyed":true,"benchmark":"23_update5-memory","type":"memory","values":{"DEFAULT":{"min":57.21035671234131,"max":57.326663970947266,"median":57.271525382995605,"mean":57.270856920878096,"stddev":0.04112205605110141,"values":[57.271525382995605,57.23870849609375,57.26122283935547,57.317599296569824,57.274404525756836,57.22070598602295,57.31702899932861,57.326663970947266,57.21902275085449,57.21035671234131,57.29995250701904,57.24955463409424,57.316182136535645,57.231980323791504,57.307945251464844]}}}