{"framework":"solid-v1.8.0-keyed","keyed":true,"benchmark":"08_clear","type":"cpu","values":{"total":{"min":128.858,"max":166.697,"median":142.256,"mean":143.33766666666668,"stddev":8.825888645397267,"values":[146.755,141.388,142.561,142.256,145.18,128.858,133.683,137.902,150.029,146.902,136.313,140.14,166.697,151.34,140.061]},"script":{"min":127.352,"max":165.308,"median":140.556,"mean":141.70453333333336,"stddev":8.865340255066085,"values":[145.224,139.592,140.803,140.556,143.432,127.352,131.959,135.849,148.413,145.542,134.751,138.648,165.308,149.425,138.714]},"paint":{"min":1.041,"max":1.785,"median":1.292,"mean":1.318,"stddev":0.18607755679516308,"values":[1.188,1.42,1.37,1.292,1.383,1.241,1.452,1.785,1.267,1.041,1.304,1.266,1.093,1.527,1.141]}}}