{"framework":"solid-v1.8.0-keyed","keyed":true,"benchmark":"03_update10th","type":"cpu","values":{"total":{"min":1691.218,"max":2305.134,"median":1710.897,"mean":1755.1407999999997,"stddev":153.90939573899593,"values":[1699.382,1693.444,1745.358,1768.379,1734.35,1710.897,2305.134,1697.667,1691.218,1691.425,1704.3,1700.906,1721.808,1718.134,1744.71]},"script":{"min":44.807,"max":55.575,"median":46.491,"mean":47.671733333333336,"stddev":3.1132470753830246,"values":[45.253,45.038,46.491,47.66,46.017,46.402,45.775,44.807,47.442,52.694,45.616,51.32,55.575,47.591,47.395]},"paint":{"min":1511.348,"max":2129.858,"median":1541.025,"mean":1586.0290666666665,"stddev":152.17137551761772,"values":[1529.693,1529.965,1573.085,1598.457,1564.686,1538.286,2129.858,1535.908,1529.858,1511.348,1543.706,1532.129,1541.025,1553.756,1578.676]}}}