{"framework":"solid-v1.8.0-keyed","keyed":true,"benchmark":"24_run-clear-memory","type":"memory","values":{"DEFAULT":{"min":0.7634773254394531,"max":0.8437938690185547,"median":0.7894058227539062,"mean":0.7907040278116862,"stddev":0.01943610544472226,"values":[0.8437938690185547,0.7796173095703125,0.7698230743408203,0.7916774749755859,0.78955078125,0.7739048004150391,0.8143386840820312,0.7894058227539062,0.783538818359375,0.7933006286621094,0.7860984802246094,0.7864761352539062,0.8057746887207031,0.7897825241088867,0.7634773254394531]}}}