{"framework":"solid-v1.8.0-keyed","keyed":true,"benchmark":"01_create","type":"cpu","values":{"total":{"min":2968.989,"max":3743.316,"median":3281.057,"mean":3287.7216,"stddev":154.75556090299304,"values":[2968.989,3249.412,3200.186,3242.727,3743.316,3219.798,3335.71,3275.439,3288.03,3291.32,3281.057,3249.633,3322.683,3287.825,3359.699]},"script":{"min":0.41,"max":0.695,"median":0.533,"mean":0.5236666666666666,"stddev":0.07711926446991667,"values":[0.543,0.41,0.544,0.695,0.551,0.611,0.558,0.44,0.495,0.438,0.447,0.486,0.533,0.495,0.609]},"paint":{"min":2499.949,"max":3119.933,"median":2746.619,"mean":2762.3042666666665,"stddev":127.20594728541961,"values":[2499.949,2722.428,2703.355,2694.836,3119.933,2706.742,2804.217,2769.275,2790.85,2794.222,2715.138,2772.823,2746.619,2732.027,2862.15]}}}