{"framework":"solid-v1.8.0-keyed","keyed":true,"benchmark":"02_replace","type":"cpu","values":{"total":{"min":3272.834,"max":3835.442,"median":3311.078,"mean":3384.4428000000003,"stddev":179.81365621275822,"values":[3835.442,3272.834,3289.292,3517.561,3296.08,3769.941,3304.002,3311.709,3351.449,3311.078,3295.02,3323.121,3311.712,3289.669,3287.732]},"script":{"min":0.379,"max":0.606,"median":0.477,"mean":0.4575333333333333,"stddev":0.05772578857552892,"values":[0.606,0.379,0.394,0.417,0.392,0.484,0.496,0.477,0.437,0.447,0.485,0.48,0.481,0.484,0.404]},"paint":{"min":2562.082,"max":3059.033,"median":2575.571,"mean":2649.1995333333334,"stddev":163.8937240870553,"values":[2990.496,2562.082,2562.624,2800.788,2580.945,3059.033,2573.108,2575.187,2586.139,2574.352,2576.598,2586.252,2569.195,2565.623,2575.571]}}}