{"framework":"solid-v1.8.0-keyed","keyed":true,"benchmark":"04_select","type":"cpu","values":{"total":{"min":201.951,"max":237.148,"median":211.404,"mean":213.9956666666667,"stddev":9.88304890540701,"values":[230.698,237.148,216.061,218.442,215.507,201.951,204.289,211.404,216.627,219.472,210.075,203.443,205.205,208.375,211.238]},"script":{"min":2.448,"max":7.579,"median":2.819,"mean":3.089866666666667,"stddev":1.248365151861006,"values":[2.448,2.831,2.82,2.83,3,2.804,2.642,2.805,2.661,2.832,2.826,2.819,2.637,7.579,2.814]},"paint":{"min":81.862,"max":97.604,"median":87.52,"mean":87.72313333333334,"stddev":5.626873222906899,"values":[97.604,95.495,92.121,96.871,85.978,81.862,83.38,87.986,87.52,90.356,82.321,81.881,82.895,82.045,87.532]}}}