{"framework":"vue-v3.3.6-keyed","keyed":true,"benchmark":"08_clear","type":"cpu","values":{"total":{"min":124.843,"max":148.062,"median":135.889,"mean":134.68580000000003,"stddev":6.2520952053805825,"values":[124.843,131.94,128.124,135.933,133.185,142.208,136.795,140.159,137.42,130.812,137.46,132.152,125.305,135.889,148.062]},"script":{"min":123.497,"max":146.437,"median":134.509,"mean":133.02246666666667,"stddev":6.432734442639759,"values":[123.497,130.508,123.955,134.533,131.624,140.655,135.115,138.71,135.806,129.45,135.989,130.686,123.863,134.509,146.437]},"paint":{"min":1.108,"max":3.859,"median":1.23,"mean":1.3932000000000002,"stddev":0.6865870249699908,"values":[1.113,1.205,3.859,1.129,1.313,1.246,1.355,1.154,1.296,1.108,1.22,1.234,1.23,1.132,1.304]}}}