{"framework":"vue-v3.3.6-keyed","keyed":true,"benchmark":"07_create-after1k","type":"cpu","values":{"total":{"min":3455.153,"max":4144.485,"median":3501.991,"mean":3542.7031333333334,"stddev":169.41674644618075,"values":[4144.485,3501.991,3513.527,3455.153,3515.748,3478.266,3474.487,3486.512,3493.48,3507.523,3493.43,3591.373,3504.672,3515.973,3463.927]},"script":{"min":0.434,"max":0.878,"median":0.587,"mean":0.6159333333333333,"stddev":0.1392348820552967,"values":[0.758,0.738,0.745,0.593,0.568,0.501,0.442,0.502,0.763,0.534,0.718,0.434,0.587,0.878,0.478]},"paint":{"min":2669.568,"max":3135.131,"median":2718.931,"mean":2743.3963999999996,"stddev":110.51593003906717,"values":[3135.131,2705.115,2735.193,2669.568,2737.713,2694.261,2710.74,2710.338,2700.728,2720.716,2718.931,2759.844,2729.071,2728.251,2695.346]}}}