{"framework":"vue-v3.3.6-keyed","keyed":true,"benchmark":"32_startup-bt","type":"startup","values":{"DEFAULT":{"min":75.51599999999998,"max":87.684,"median":80.85600000000001,"mean":81.17866666666664,"stddev":2.983739807371826,"values":[81.39599999999999,80.51999999999998,77.92399999999999,78.96799999999998,83.79999999999998,84.36000000000001,80.85600000000001,75.51599999999998,82.73999999999998,83.25199999999998,80.07199999999999,78.24799999999999,81.74,87.684,80.60399999999998]}}}