{"framework":"vue-v3.3.6-keyed","keyed":true,"benchmark":"21_ready-memory","type":"memory","values":{"DEFAULT":{"min":0.7850408554077148,"max":0.8088703155517578,"median":0.7858037948608398,"mean":0.7881346384684245,"stddev":0.006123378425070715,"values":[0.8088703155517578,0.7858037948608398,0.7858037948608398,0.7872953414916992,0.7862958908081055,0.785670280456543,0.7855825424194336,0.7857580184936523,0.7857275009155273,0.7862081527709961,0.785670280456543,0.785670280456543,0.7890329360961914,0.7850408554077148,0.7935895919799805]}}}