{"framework":"vue-v3.3.6-keyed","keyed":true,"benchmark":"02_replace","type":"cpu","values":{"total":{"min":3457.788,"max":4012.149,"median":3483.689,"mean":3522.8644,"stddev":137.4073209953323,"values":[3479.935,3513.459,3501.964,4012.149,3483.689,3525.727,3457.788,3465.388,3489.104,3469.274,3460.899,3483.224,3459.888,3513.946,3526.532]},"script":{"min":0.407,"max":2.33,"median":0.46,"mean":0.5864666666666667,"stddev":0.4840384970915709,"values":[2.33,0.454,0.471,0.518,0.409,0.407,0.463,0.539,0.416,0.46,0.459,0.444,0.525,0.425,0.477]},"paint":{"min":2437.103,"max":2877.321,"median":2470.688,"mean":2494.5503333333327,"stddev":107.40968174216128,"values":[2470.688,2493.286,2471.253,2877.321,2463.695,2490.468,2441.758,2447.975,2474.491,2460.936,2437.103,2467.02,2446.915,2489.847,2485.499]}}}