{"framework":"vue-v3.3.6-keyed","keyed":true,"benchmark":"31_startup-ci","type":"startup","values":{"DEFAULT":{"min":2130.5049999999997,"max":2818.067,"median":2277.7125,"mean":2366.044066666667,"stddev":238.39606017177348,"values":[2282.4785,2277.7125,2818.067,2815.2735000000002,2130.5049999999997,2280.5190000000002,2275.956,2815.3395,2278.5364999999997,2278.2705,2275.785,2274.9915,2277.1045,2132.866,2277.2560000000003]}}}