{"framework":"vue-v3.3.6-keyed","keyed":true,"benchmark":"33_startup-mainthreadcost","type":"startup","values":{"DEFAULT":{"min":345.296,"max":370.8280000000001,"median":355.8760000000001,"mean":357.30613333333343,"stddev":7.379620256070776,"values":[366.312,363.952,345.296,349.11199999999974,364.9400000000001,361.9440000000002,355.8760000000001,349.08799999999997,355.4120000000001,358.80800000000005,351.432,352.004,360.83599999999996,370.8280000000001,353.75200000000024]}}}