{"framework":"vue-v3.3.6-keyed","keyed":true,"benchmark":"07_create-after1k","type":"cpu","values":{"total":{"min":3184.539,"max":4995.822,"median":3488.474,"mean":3544.010733333333,"stddev":440.04217278111406,"values":[3189.569,3191.931,3401.885,3184.539,3219.602,4995.822,3796.534,3628.907,3549.696,3488.474,3465.786,3571.256,3414.979,3552.397,3508.784]},"script":{"min":0.454,"max":0.872,"median":0.517,"mean":0.5757333333333334,"stddev":0.12562214697068272,"values":[0.512,0.714,0.872,0.538,0.516,0.517,0.467,0.615,0.622,0.675,0.462,0.454,0.463,0.474,0.735]},"paint":{"min":2463.366,"max":3613.272,"median":2707.368,"mean":2726.8049999999994,"stddev":291.34547784202863,"values":[2471.292,2481.372,2514.09,2463.366,2498.34,3613.272,3022.755,2823.802,2767.87,2707.439,2670.657,2752.759,2649.79,2757.903,2707.368]}}}