{"framework":"vue-v3.3.6-keyed","keyed":true,"benchmark":"03_update10th","type":"cpu","values":{"total":{"min":1819.124,"max":2688.9,"median":1863.555,"mean":2029.1302000000003,"stddev":316.70574287323194,"values":[2607.91,2688.9,1861.664,1877.862,1863.555,1855.442,1844.274,1833.405,2564.679,1845.926,1873.611,1892.9,1854.751,1819.124,2152.95]},"script":{"min":131.106,"max":158.457,"median":139.37,"mean":140.45546666666667,"stddev":6.982265011816586,"values":[131.106,149.255,143.816,140.373,136.029,135.651,139.37,132.446,141.085,141.936,139.215,158.457,133.731,145.265,139.097]},"paint":{"min":1557.684,"max":2417.554,"median":1602.738,"mean":1765.6845999999998,"stddev":312.6813946673424,"values":[2339.813,2417.554,1598.797,1616.939,1602.738,1590.774,1590.095,1583.84,2291.583,1581.941,1607.729,1616.501,1600.574,1557.684,1888.707]}}}