{"framework":"vue-v3.3.6-keyed","keyed":true,"benchmark":"24_run-clear-memory","type":"memory","values":{"DEFAULT":{"min":68.3164587020874,"max":68.43123245239258,"median":68.3408031463623,"mean":68.36197121938069,"stddev":0.047650136326567706,"values":[68.3244400024414,68.3408031463623,68.32108402252197,68.34891414642334,68.34409999847412,68.42761325836182,68.43123245239258,68.3164587020874,68.33842468261719,68.32143783569336,68.42569923400879,68.42900276184082,68.41467380523682,68.32314586639404,68.32253837585449]}}}