{"framework":"vue-v3.3.6-keyed","keyed":true,"benchmark":"01_create","type":"cpu","values":{"total":{"min":2266.085,"max":2962.691,"median":2315.106,"mean":2403.5119333333337,"stddev":219.9146121996531,"values":[2310.296,2315.106,2306.308,2415.466,2266.085,2283.046,2274.027,2294.805,2336.086,2307.996,2328.666,2907.28,2962.691,2398.164,2346.657]},"script":{"min":488.387,"max":682.084,"median":518.149,"mean":533.1485333333334,"stddev":53.97685049810925,"values":[504.548,500.794,517.154,601.167,489.865,493.308,488.387,508.457,523.499,522.551,523.075,682.084,604.394,519.796,518.149]},"paint":{"min":1751.657,"max":2334.146,"median":1782.571,"mean":1846.7715333333333,"stddev":174.535659461599,"values":[1780.564,1790.812,1765.024,1791.055,1751.657,1767.2,1762.52,1763.399,1789.784,1761.386,1782.571,2201.395,2334.146,1854.889,1805.171]}}}