{"framework":"vue-v3.3.6-keyed","keyed":true,"benchmark":"06_remove-one","type":"cpu","values":{"total":{"min":1918.491,"max":2187.181,"median":1984.309,"mean":1986.0011333333334,"stddev":61.67928819056878,"values":[1991.404,2007.347,1952.787,2187.181,1977.769,2002.328,1966.997,1996.582,1946.622,1984.309,1943.852,1989,1918.491,1989.196,1936.152]},"script":{"min":246.118,"max":345.86,"median":295.027,"mean":297.10279999999995,"stddev":31.043589320272137,"values":[282.567,291.39,294.403,344.421,298.927,295.027,341.049,345.86,255.295,303.765,274.238,303.812,261.372,318.298,246.118]},"paint":{"min":1560.41,"max":1772.123,"median":1612.783,"mean":1620.6188666666667,"stddev":48.10421295310937,"values":[1642.58,1647.658,1591.096,1772.123,1606.315,1639.088,1560.41,1584.895,1625.612,1612.783,1599.58,1618.188,1590.192,1599.445,1619.318]}}}