{"framework":"vue-v3.3.6-keyed","keyed":true,"benchmark":"08_clear","type":"cpu","values":{"total":{"min":124.437,"max":151.36,"median":129.859,"mean":131.25133333333332,"stddev":7.334850896007819,"values":[124.567,128.081,140.277,133.787,126.001,129.859,124.437,124.847,126.504,132.222,130.039,137.93,126.873,131.986,151.36]},"script":{"min":122.414,"max":149.79,"median":128.34,"mean":129.6714,"stddev":7.384928491771022,"values":[122.845,126.422,138.728,132.163,124.406,128.34,122.414,123.206,124.948,130.674,128.663,136.47,125.425,130.577,149.79]},"paint":{"min":1.136,"max":1.764,"median":1.29,"mean":1.3124666666666667,"stddev":0.1575249942374981,"values":[1.472,1.361,1.209,1.374,1.353,1.29,1.764,1.355,1.336,1.279,1.136,1.137,1.219,1.207,1.195]}}}