{"framework":"vue-v3.3.6-keyed","keyed":true,"benchmark":"04_select","type":"cpu","values":{"total":{"min":234.339,"max":264.744,"median":248.662,"mean":249.60933333333335,"stddev":9.318710315938633,"values":[241.252,264.744,253.33,263.771,248.662,234.339,246.385,262.182,244.464,243.048,242.022,255.407,248.956,239.661,255.917]},"script":{"min":32.994,"max":42.361,"median":35.71,"mean":36.94173333333333,"stddev":3.331170203368408,"values":[41.699,42.361,35.71,38.384,33.848,36.589,35.466,41.261,32.994,33.866,39.745,39.948,33.832,33.048,35.375]},"paint":{"min":79.455,"max":93.388,"median":84.448,"mean":85.15639999999999,"stddev":4.226578957704953,"values":[79.512,87.547,89.047,93.388,84.774,79.455,84.448,90.695,83.786,81.087,82.01,81.976,85.646,83.794,90.181]}}}