{"framework":"vue-v3.3.6-keyed","keyed":true,"benchmark":"05_swap","type":"cpu","values":{"total":{"min":2215.999,"max":2396.029,"median":2342.345,"mean":2328.389066666667,"stddev":51.56215510494761,"values":[2281.374,2300.691,2215.999,2385.11,2349.467,2396.029,2375.348,2335.706,2363.304,2356.781,2244.884,2342.345,2292.432,2333.359,2353.007]},"script":{"min":43.548,"max":53.549,"median":46.209,"mean":46.650800000000004,"stddev":2.5083956227038824,"values":[47.685,46.034,43.548,48.686,48.502,44.984,47.615,46.209,45.47,47.016,44.969,44.02,44.155,53.549,47.32]},"paint":{"min":2050.67,"max":2219.817,"median":2166.858,"mean":2153.2318666666665,"stddev":46.0967518624324,"values":[2112.287,2127.367,2050.67,2198.332,2166.858,2219.817,2190.288,2161.567,2190.423,2183.075,2082.64,2169.374,2125.639,2145.649,2174.492]}}}