{"framework":"vue-v3.3.6-keyed","keyed":true,"benchmark":"02_replace","type":"cpu","values":{"total":{"min":3196.774,"max":4015.085,"median":3462.766,"mean":3453.695733333333,"stddev":201.57706729382926,"values":[3200.305,3196.774,3219.437,3270.561,3553.632,3564.831,3462.375,4015.085,3462.766,3468.93,3557.083,3460.72,3478.019,3469.158,3425.76]},"script":{"min":0.353,"max":0.62,"median":0.451,"mean":0.44993333333333335,"stddev":0.07042976913885479,"values":[0.353,0.62,0.535,0.509,0.356,0.455,0.413,0.455,0.452,0.451,0.446,0.399,0.502,0.41,0.393]},"paint":{"min":2261.494,"max":2747.668,"median":2444.331,"mean":2434.3674,"stddev":122.76204724692869,"values":[2270.314,2261.494,2281.484,2314.866,2484.511,2496.24,2449.393,2747.668,2439.048,2441.099,2537.136,2444.331,2459.471,2455.552,2432.904]}}}