{"framework":"vue-v3.3.6-keyed","keyed":true,"benchmark":"23_update5-memory","type":"memory","values":{"DEFAULT":{"min":68.84195232391357,"max":68.94372177124023,"median":68.91831493377686,"mean":68.9141450881958,"stddev":0.021765677517805542,"values":[68.9174394607544,68.94372177124023,68.91831493377686,68.9100284576416,68.92127704620361,68.92160892486572,68.91815757751465,68.92174434661865,68.9147596359253,68.92377185821533,68.92224597930908,68.90304374694824,68.92032527923584,68.91378498077393,68.84195232391357]}}}