{"framework":"vue-v3.3.6-keyed","keyed":true,"benchmark":"22_run-memory","type":"memory","values":{"DEFAULT":{"min":68.87846374511719,"max":69.11032772064209,"median":69.08272933959961,"mean":69.0709648768107,"stddev":0.05386899789057908,"values":[69.11032772064209,69.08477783203125,69.08433055877686,68.87846374511719,69.08201026916504,69.08475017547607,69.08272933959961,69.08745098114014,69.08226299285889,69.07002639770508,69.08245277404785,69.08239650726318,69.08383464813232,69.08700656890869,69.08165264129639]}}}