{"framework":"vue-v3.3.6-keyed","keyed":true,"benchmark":"01_create","type":"cpu","values":{"total":{"min":3111.084,"max":3453.104,"median":3365.242,"mean":3329.414,"stddev":102.68472135689352,"values":[3111.084,3121.879,3230.597,3273.998,3453.104,3372.255,3354.36,3365.242,3375.73,3357.039,3387.497,3368.071,3452.552,3346.156,3371.646]},"script":{"min":0.397,"max":0.745,"median":0.458,"mean":0.4922000000000001,"stddev":0.09471249728973015,"values":[0.745,0.519,0.544,0.496,0.397,0.556,0.458,0.43,0.403,0.426,0.429,0.502,0.423,0.437,0.618]},"paint":{"min":2388.635,"max":2658.266,"median":2571.299,"mean":2548.1576,"stddev":68.74409460746423,"values":[2388.635,2416.657,2501.633,2512.583,2601.769,2572.673,2574.687,2574.216,2570.753,2564.296,2573.82,2571.299,2658.266,2565.969,2575.108]}}}