{"framework":"vue-v3.3.6-keyed","keyed":true,"benchmark":"03_update10th","type":"cpu","values":{"total":{"min":1877.617,"max":3058.614,"median":1984.939,"mean":2107.2050000000004,"stddev":304.1826670846225,"values":[1971.848,2462.909,1981.786,2262.229,1945.385,2114.074,1928.601,2113.936,2043.665,1984.939,2014.32,1926.939,3058.614,1877.617,1921.213]},"script":{"min":138.802,"max":167.576,"median":146.316,"mean":149.51286666666667,"stddev":8.286323912384331,"values":[143.627,159.495,144.139,144.43,153.907,167.576,150.057,144.816,153.167,144.064,149.07,146.316,162.275,140.952,138.802]},"paint":{"min":1616.582,"max":2737.626,"median":1714.188,"mean":1821.0040666666669,"stddev":293.2614563360695,"values":[1699.984,2179.686,1699.675,1984.461,1651.652,1802.177,1656.885,1765.523,1767.942,1714.188,1730.6,1661.468,2737.626,1616.582,1646.612]}}}