{"framework":"vue-v3.3.6-keyed","keyed":true,"benchmark":"05_swap","type":"cpu","values":{"total":{"min":2133.365,"max":2276.875,"median":2208.842,"mean":2210.6072,"stddev":38.25698319485516,"values":[2181.808,2251.346,2245.537,2242.566,2208.842,2188.548,2168.404,2243.825,2196.787,2172.828,2133.365,2216.235,2203.458,2276.875,2228.684]},"script":{"min":38.511,"max":60.378,"median":45.627,"mean":45.98713333333333,"stddev":4.900365873609652,"values":[47.396,42.356,45.627,45.8,51.303,44.81,45.99,60.378,46.807,38.511,43.906,42.967,42.726,46.877,44.353]},"paint":{"min":1971.589,"max":2103.066,"median":2044.038,"mean":2043.6349999999998,"stddev":34.7381437410151,"values":[2014.795,2082.671,2075.359,2078.137,2035.796,2023.612,2002.478,2061.751,2032.846,2016.768,1971.589,2055.909,2044.038,2103.066,2055.71]}}}