{"framework":"vue-v3.3.6-keyed","keyed":true,"benchmark":"01_create","type":"cpu","values":{"total":{"min":3359.983,"max":3480.512,"median":3403.186,"mean":3411.111466666667,"stddev":32.331613010149916,"values":[3399.258,3425.194,3403.186,3371.28,3368.055,3436.804,3424.41,3480.512,3427.717,3453.674,3359.983,3400.677,3417.464,3400.987,3397.471]},"script":{"min":0.374,"max":0.507,"median":0.438,"mean":0.43559999999999993,"stddev":0.0358205846646071,"values":[0.468,0.446,0.507,0.438,0.418,0.404,0.41,0.471,0.451,0.417,0.478,0.444,0.374,0.415,0.393]},"paint":{"min":2562.042,"max":2655.305,"median":2593.63,"mean":2598.0026666666663,"stddev":22.04664117814987,"values":[2593.226,2597.545,2588.545,2579.766,2577.766,2602.031,2606.716,2627.801,2611.489,2655.305,2562.042,2587.71,2597.759,2588.709,2593.63]}}}