{"framework":"vue-v3.3.6-keyed","keyed":true,"benchmark":"06_remove-one","type":"cpu","values":{"total":{"min":1865.679,"max":2632.747,"median":1918.981,"mean":2048.1480666666666,"stddev":235.9192827689367,"values":[2098.546,1921.103,1957.128,2208.556,1918.981,1876.565,1910.372,1889.47,1865.679,1917.969,1896.201,1912.23,2286.798,2632.747,2429.876]},"script":{"min":266.098,"max":400.646,"median":319.06,"mean":324.82053333333334,"stddev":38.71416761317429,"values":[378.359,330.512,335.889,400.646,313.35,283.144,319.06,333.756,266.098,302.513,310.45,292.924,294.705,389.196,321.706]},"paint":{"min":1489.572,"max":2157.575,"median":1548.211,"mean":1654.176533333333,"stddev":211.20956802287512,"values":[1654.637,1524.004,1557.741,1742.616,1539.684,1526.351,1524.189,1489.572,1533.092,1548.211,1519.197,1551.063,1915.807,2157.575,2028.909]}}}