{"framework":"vue-v3.3.6-keyed","keyed":true,"benchmark":"04_select","type":"cpu","values":{"total":{"min":230.927,"max":263.058,"median":240.077,"mean":241.30180000000001,"stddev":8.686239447704462,"values":[238.051,232.869,237.881,233.217,246.416,250.12,248.054,231.618,263.058,244.063,246.435,230.927,240.077,241.584,235.157]},"script":{"min":33.01,"max":46.272,"median":37.087,"mean":37.2782,"stddev":3.799536742438853,"values":[36.104,37.65,33.311,34.386,46.272,37.087,38.026,33.01,37.425,34.691,42.257,33.607,39.079,41.815,34.453]},"paint":{"min":78.563,"max":88.665,"median":80.333,"mean":81.21340000000001,"stddev":2.693648741550603,"values":[80.876,79.367,85.147,78.784,82.432,80.333,81.286,78.563,81.859,88.665,79.176,79.976,82.303,79.942,79.492]}}}